INFO 2026-08-29 10:59:05,504 mqtt_client Connecting to broker.hivemq.com:1883
INFO 2026-08-29 10:59:05,909 mqtt_client Connected to MQTT broker: broker.hivemq.com:1883
INFO 2026-08-29 10:59:05,919 mqtt_client Subscribed to default topic: eskom/alerts/zone1
INFO 2026-08-29 10:59:31,224 mqtt_client Message received on eskom/alerts/zone1: {'status': 'ALARM', 'distance_meters': 1420, 'danger': 'Connectivity test from dashboard', 'zone': 'Zone 1', 'device_id': 'copilot-test', 'source': 'mqtt'}
ERROR 2026-08-29 10:59:35,481 mqtt_client Error saving alert: Error Multiple exceptions: [Errno 10061] Connect call failed ('::1', 6379, 0, 0), [Errno 10061] Connect call failed ('127.0.0.1', 6379) connecting to localhost:6379.
INFO 2026-08-29 11:09:12,308 mqtt_client Message received on eskom/alerts/zone1: {'system_id': 'PR-SEC-ZA-08', 'status': 'CRITICAL', 'event_classification': 'Fiber Cut / Conductor Tampering', 'confidence_score': 98.5, 'distance_meters': 1425, 'location': {'chainage_meters': 1425.0, 'gps_estimated': {'latitude': -28.7324, 'longitude': 24.7578}}, 'metrics': {'vibration_amplitude_g': 4.2, 'frequency_hz': 520.0}}
ERROR 2026-08-29 11:09:16,530 mqtt_client Error saving alert: Error Multiple exceptions: [Errno 10061] Connect call failed ('::1', 6379, 0, 0), [Errno 10061] Connect call failed ('127.0.0.1', 6379) connecting to localhost:6379.
INFO 2026-08-29 11:19:12,272 mqtt_client Message received on eskom/alerts/zone1: {'system_id': 'PR-SEC-ZA-08', 'status': 'CRITICAL', 'event_classification': 'Fiber Cut / Conductor Tampering', 'confidence_score': 98.5, 'distance_meters': 1425, 'location': {'chainage_meters': 1425.0, 'gps_estimated': {'latitude': -28.7324, 'longitude': 24.7578}}, 'metrics': {'vibration_amplitude_g': 4.2, 'frequency_hz': 520.0}}
ERROR 2026-08-29 11:19:16,493 mqtt_client Error saving alert: Error Multiple exceptions: [Errno 10061] Connect call failed ('::1', 6379, 0, 0), [Errno 10061] Connect call failed ('127.0.0.1', 6379) connecting to localhost:6379.
INFO 2026-08-29 11:28:12,234 mqtt_client Message received on eskom/alerts/zone1: {'system_id': 'PR-SEC-ZA-08', 'status': 'CRITICAL', 'event_classification': 'Fiber Cut / Conductor Tampering', 'confidence_score': 98.5, 'distance_meters': 1425, 'location': {'chainage_meters': 1425.0, 'gps_estimated': {'latitude': -28.7324, 'longitude': 24.7578}}, 'metrics': {'vibration_amplitude_g': 4.2, 'frequency_hz': 520.0}}
ERROR 2026-08-29 11:28:16,469 mqtt_client Error saving alert: Error Multiple exceptions: [Errno 10061] Connect call failed ('::1', 6379, 0, 0), [Errno 10061] Connect call failed ('127.0.0.1', 6379) connecting to localhost:6379.
WARNING 2026-08-29 11:31:28,676 mqtt_client Disconnected from MQTT broker, return code: 7
INFO 2026-08-29 11:31:29,280 mqtt_client Connecting to broker.hivemq.com:1883
ERROR 2026-08-29 11:31:29,527 mqtt_client Connection error: [Errno 11001] getaddrinfo failed
INFO 2026-08-29 11:31:30,537 mqtt_client Connecting to broker.hivemq.com:1883
ERROR 2026-08-29 11:31:30,543 mqtt_client Connection error: [Errno 11001] getaddrinfo failed
INFO 2026-08-29 11:31:31,545 mqtt_client Connecting to broker.hivemq.com:1883
ERROR 2026-08-29 11:31:31,555 mqtt_client Connection error: [Errno 11001] getaddrinfo failed
INFO 2026-08-29 11:31:32,557 mqtt_client Connecting to broker.hivemq.com:1883
ERROR 2026-08-29 11:31:32,562 mqtt_client Connection error: [Errno 11001] getaddrinfo failed
INFO 2026-08-29 11:42:02,388 mqtt_client Connecting to broker.hivemq.com:1883
ERROR 2026-08-29 11:42:02,505 mqtt_client Connection error: [Errno 11001] getaddrinfo failed
INFO 2026-08-29 11:42:03,521 mqtt_client Connecting to broker.hivemq.com:1883
ERROR 2026-08-29 11:42:03,529 mqtt_client Connection error: [Errno 11001] getaddrinfo failed
INFO 2026-08-29 11:42:04,530 mqtt_client Connecting to broker.hivemq.com:1883
ERROR 2026-08-29 11:42:04,535 mqtt_client Connection error: [Errno 11001] getaddrinfo failed
INFO 2026-08-29 11:42:05,552 mqtt_client Connecting to broker.hivemq.com:1883
ERROR 2026-08-29 11:42:05,558 mqtt_client Connection error: [Errno 11001] getaddrinfo failed
INFO 2026-08-29 11:42:06,561 mqtt_client Connecting to broker.hivemq.com:1883
ERROR 2026-08-29 11:42:06,562 mqtt_client Connection error: [Errno 11001] getaddrinfo failed
INFO 2026-08-29 11:42:07,594 mqtt_client Connecting to broker.hivemq.com:1883
ERROR 2026-08-29 11:42:17,885 mqtt_client Connection error: timed out
INFO 2026-08-29 11:42:18,887 mqtt_client Connecting to broker.hivemq.com:1883
ERROR 2026-08-29 11:42:28,903 mqtt_client Connection error: timed out
INFO 2026-08-29 11:42:29,905 mqtt_client Connecting to broker.hivemq.com:1883
ERROR 2026-08-29 11:42:39,914 mqtt_client Connection error: timed out
INFO 2026-08-29 11:42:40,915 mqtt_client Connecting to broker.hivemq.com:1883
ERROR 2026-08-29 11:42:50,932 mqtt_client Connection error: timed out
INFO 2026-08-29 11:42:51,934 mqtt_client Connecting to broker.hivemq.com:1883
ERROR 2026-08-29 11:43:01,937 mqtt_client Connection error: timed out
INFO 2026-08-29 11:43:02,938 mqtt_client Connecting to broker.hivemq.com:1883
ERROR 2026-08-29 11:43:12,960 mqtt_client Connection error: timed out
INFO 2026-08-29 11:43:13,962 mqtt_client Connecting to broker.hivemq.com:1883
ERROR 2026-08-29 11:43:23,995 mqtt_client Connection error: timed out
INFO 2026-08-29 11:43:24,996 mqtt_client Connecting to broker.hivemq.com:1883
ERROR 2026-08-29 11:43:35,012 mqtt_client Connection error: timed out
INFO 2026-08-29 11:43:36,013 mqtt_client Connecting to broker.hivemq.com:1883
ERROR 2026-08-29 11:43:46,032 mqtt_client Connection error: timed out
INFO 2026-08-29 11:43:47,032 mqtt_client Connecting to broker.hivemq.com:1883
ERROR 2026-08-29 11:43:57,065 mqtt_client Connection error: timed out
INFO 2026-08-29 11:43:58,066 mqtt_client Connecting to broker.hivemq.com:1883
ERROR 2026-08-29 11:44:08,096 mqtt_client Connection error: timed out
INFO 2026-08-29 11:44:09,097 mqtt_client Connecting to broker.hivemq.com:1883
ERROR 2026-08-29 11:44:19,118 mqtt_client Connection error: timed out
INFO 2026-08-29 11:44:20,121 mqtt_client Connecting to broker.hivemq.com:1883
ERROR 2026-08-29 11:44:30,268 mqtt_client Connection error: timed out
INFO 2026-08-29 11:44:31,269 mqtt_client Connecting to broker.hivemq.com:1883
ERROR 2026-08-29 11:44:41,287 mqtt_client Connection error: timed out
INFO 2026-08-29 11:44:42,290 mqtt_client Connecting to broker.hivemq.com:1883
ERROR 2026-08-29 11:44:52,303 mqtt_client Connection error: timed out
INFO 2026-08-29 11:44:53,305 mqtt_client Connecting to broker.hivemq.com:1883
ERROR 2026-08-29 11:45:03,318 mqtt_client Connection error: timed out
INFO 2026-08-29 11:45:04,320 mqtt_client Connecting to broker.hivemq.com:1883
ERROR 2026-08-29 11:45:14,334 mqtt_client Connection error: timed out
INFO 2026-08-29 11:45:15,335 mqtt_client Connecting to broker.hivemq.com:1883
ERROR 2026-08-29 11:45:25,353 mqtt_client Connection error: timed out
INFO 2026-08-29 11:45:26,355 mqtt_client Connecting to broker.hivemq.com:1883
ERROR 2026-08-29 11:45:36,735 mqtt_client Connection error: timed out
INFO 2026-08-29 11:45:37,736 mqtt_client Connecting to broker.hivemq.com:1883
ERROR 2026-08-29 11:45:47,753 mqtt_client Connection error: timed out
INFO 2026-08-29 11:45:48,754 mqtt_client Connecting to broker.hivemq.com:1883
ERROR 2026-08-29 11:45:58,771 mqtt_client Connection error: timed out
INFO 2026-08-29 11:45:59,772 mqtt_client Connecting to broker.hivemq.com:1883
ERROR 2026-08-29 11:46:09,796 mqtt_client Connection error: timed out
INFO 2026-08-29 11:46:10,797 mqtt_client Connecting to broker.hivemq.com:1883
ERROR 2026-08-29 11:46:20,829 mqtt_client Connection error: timed out
INFO 2026-08-29 11:46:21,830 mqtt_client Connecting to broker.hivemq.com:1883
ERROR 2026-08-29 11:46:31,847 mqtt_client Connection error: timed out
INFO 2026-08-29 11:46:32,847 mqtt_client Connecting to broker.hivemq.com:1883
ERROR 2026-08-29 11:46:42,934 mqtt_client Connection error: timed out
INFO 2026-08-29 11:46:43,935 mqtt_client Connecting to broker.hivemq.com:1883
ERROR 2026-08-29 11:46:53,962 mqtt_client Connection error: timed out
INFO 2026-08-29 11:46:54,964 mqtt_client Connecting to broker.hivemq.com:1883
ERROR 2026-08-29 11:47:04,969 mqtt_client Connection error: timed out
INFO 2026-08-29 11:47:05,972 mqtt_client Connecting to broker.hivemq.com:1883
ERROR 2026-08-29 11:47:15,997 mqtt_client Connection error: timed out
INFO 2026-08-29 11:47:16,999 mqtt_client Connecting to broker.hivemq.com:1883
ERROR 2026-08-29 11:47:27,014 mqtt_client Connection error: timed out
INFO 2026-08-29 11:47:28,016 mqtt_client Connecting to broker.hivemq.com:1883
ERROR 2026-08-29 11:47:38,019 mqtt_client Connection error: timed out
INFO 2026-08-29 11:47:39,020 mqtt_client Connecting to broker.hivemq.com:1883
ERROR 2026-08-29 11:47:49,064 mqtt_client Connection error: timed out
INFO 2026-08-29 11:47:50,065 mqtt_client Connecting to broker.hivemq.com:1883
ERROR 2026-08-29 11:48:00,097 mqtt_client Connection error: timed out
INFO 2026-08-29 11:48:01,099 mqtt_client Connecting to broker.hivemq.com:1883
ERROR 2026-08-29 11:48:11,104 mqtt_client Connection error: timed out
INFO 2026-08-29 11:48:12,105 mqtt_client Connecting to broker.hivemq.com:1883
ERROR 2026-08-29 11:48:22,134 mqtt_client Connection error: timed out
INFO 2026-08-29 11:48:23,135 mqtt_client Connecting to broker.hivemq.com:1883
ERROR 2026-08-29 11:48:33,165 mqtt_client Connection error: timed out
INFO 2026-08-29 11:48:34,167 mqtt_client Connecting to broker.hivemq.com:1883
ERROR 2026-08-29 11:48:44,181 mqtt_client Connection error: timed out
INFO 2026-08-29 11:48:45,182 mqtt_client Connecting to broker.hivemq.com:1883
ERROR 2026-08-29 11:48:55,192 mqtt_client Connection error: timed out
INFO 2026-08-29 11:48:56,193 mqtt_client Connecting to broker.hivemq.com:1883
ERROR 2026-08-29 11:49:06,212 mqtt_client Connection error: timed out
INFO 2026-08-29 11:49:07,214 mqtt_client Connecting to broker.hivemq.com:1883
ERROR 2026-08-29 11:49:17,232 mqtt_client Connection error: timed out
INFO 2026-08-29 11:49:18,234 mqtt_client Connecting to broker.hivemq.com:1883
ERROR 2026-08-29 11:49:28,248 mqtt_client Connection error: timed out
INFO 2026-08-29 11:49:29,249 mqtt_client Connecting to broker.hivemq.com:1883
ERROR 2026-08-29 11:49:39,266 mqtt_client Connection error: timed out
INFO 2026-08-29 11:49:40,267 mqtt_client Connecting to broker.hivemq.com:1883
ERROR 2026-08-29 11:49:50,284 mqtt_client Connection error: timed out
INFO 2026-08-29 11:49:51,286 mqtt_client Connecting to broker.hivemq.com:1883
ERROR 2026-08-29 11:50:01,348 mqtt_client Connection error: timed out
INFO 2026-08-29 11:50:02,350 mqtt_client Connecting to broker.hivemq.com:1883
ERROR 2026-08-29 11:50:12,367 mqtt_client Connection error: timed out
INFO 2026-08-29 11:50:13,368 mqtt_client Connecting to broker.hivemq.com:1883
ERROR 2026-08-29 11:50:23,388 mqtt_client Connection error: timed out
INFO 2026-08-29 11:50:24,390 mqtt_client Connecting to broker.hivemq.com:1883
ERROR 2026-08-29 11:50:34,404 mqtt_client Connection error: timed out
INFO 2026-08-29 11:50:35,405 mqtt_client Connecting to broker.hivemq.com:1883
ERROR 2026-08-29 11:50:45,421 mqtt_client Connection error: timed out
INFO 2026-08-29 11:50:46,422 mqtt_client Connecting to broker.hivemq.com:1883
ERROR 2026-08-29 11:50:56,436 mqtt_client Connection error: timed out
INFO 2026-08-29 11:50:57,437 mqtt_client Connecting to broker.hivemq.com:1883
ERROR 2026-08-29 11:51:07,486 mqtt_client Connection error: timed out
INFO 2026-08-29 11:51:08,487 mqtt_client Connecting to broker.hivemq.com:1883
ERROR 2026-08-29 11:51:18,500 mqtt_client Connection error: timed out
INFO 2026-08-29 11:51:19,502 mqtt_client Connecting to broker.hivemq.com:1883
ERROR 2026-08-29 11:51:29,535 mqtt_client Connection error: timed out
INFO 2026-08-29 11:51:30,537 mqtt_client Connecting to broker.hivemq.com:1883
ERROR 2026-08-29 11:51:40,551 mqtt_client Connection error: timed out
INFO 2026-08-29 11:51:41,554 mqtt_client Connecting to broker.hivemq.com:1883
ERROR 2026-08-29 11:51:51,587 mqtt_client Connection error: timed out
INFO 2026-08-29 11:51:52,588 mqtt_client Connecting to broker.hivemq.com:1883
ERROR 2026-08-29 11:52:02,600 mqtt_client Connection error: timed out
INFO 2026-08-29 11:52:03,602 mqtt_client Connecting to broker.hivemq.com:1883
ERROR 2026-08-29 11:52:13,619 mqtt_client Connection error: timed out
INFO 2026-08-29 11:52:14,620 mqtt_client Connecting to broker.hivemq.com:1883
ERROR 2026-08-29 11:52:24,645 mqtt_client Connection error: timed out
INFO 2026-08-29 11:52:25,647 mqtt_client Connecting to broker.hivemq.com:1883
ERROR 2026-08-29 11:52:35,651 mqtt_client Connection error: timed out
INFO 2026-08-29 11:52:36,652 mqtt_client Connecting to broker.hivemq.com:1883
ERROR 2026-08-29 11:52:46,671 mqtt_client Connection error: timed out
INFO 2026-08-29 11:52:47,672 mqtt_client Connecting to broker.hivemq.com:1883
ERROR 2026-08-29 11:52:57,699 mqtt_client Connection error: timed out
INFO 2026-08-29 11:52:58,701 mqtt_client Connecting to broker.hivemq.com:1883
ERROR 2026-08-29 11:53:08,734 mqtt_client Connection error: timed out
INFO 2026-08-29 11:53:09,736 mqtt_client Connecting to broker.hivemq.com:1883
ERROR 2026-08-29 11:53:19,754 mqtt_client Connection error: timed out
INFO 2026-08-29 11:53:20,756 mqtt_client Connecting to broker.hivemq.com:1883
ERROR 2026-08-29 11:53:30,779 mqtt_client Connection error: timed out
INFO 2026-08-29 11:53:31,781 mqtt_client Connecting to broker.hivemq.com:1883
ERROR 2026-08-29 11:53:41,786 mqtt_client Connection error: timed out
INFO 2026-08-29 11:53:42,787 mqtt_client Connecting to broker.hivemq.com:1883
ERROR 2026-08-29 11:53:52,800 mqtt_client Connection error: timed out
INFO 2026-08-29 11:53:53,801 mqtt_client Connecting to broker.hivemq.com:1883
ERROR 2026-08-29 11:54:03,820 mqtt_client Connection error: timed out
INFO 2026-08-29 11:54:04,821 mqtt_client Connecting to broker.hivemq.com:1883
ERROR 2026-08-29 11:54:14,834 mqtt_client Connection error: timed out
INFO 2026-08-29 11:54:15,835 mqtt_client Connecting to broker.hivemq.com:1883
ERROR 2026-08-29 11:54:25,870 mqtt_client Connection error: timed out
INFO 2026-08-29 11:54:26,872 mqtt_client Connecting to broker.hivemq.com:1883
ERROR 2026-08-29 11:54:36,900 mqtt_client Connection error: timed out
INFO 2026-08-29 11:54:37,901 mqtt_client Connecting to broker.hivemq.com:1883
ERROR 2026-08-29 11:54:47,932 mqtt_client Connection error: timed out
INFO 2026-08-29 11:54:48,934 mqtt_client Connecting to broker.hivemq.com:1883
ERROR 2026-08-29 11:54:58,951 mqtt_client Connection error: timed out
INFO 2026-08-29 11:54:59,953 mqtt_client Connecting to broker.hivemq.com:1883
ERROR 2026-08-29 11:55:09,966 mqtt_client Connection error: timed out
INFO 2026-08-29 11:55:10,968 mqtt_client Connecting to broker.hivemq.com:1883
ERROR 2026-08-29 11:55:20,988 mqtt_client Connection error: timed out
INFO 2026-08-29 11:55:21,991 mqtt_client Connecting to broker.hivemq.com:1883
ERROR 2026-08-29 11:55:32,035 mqtt_client Connection error: timed out
INFO 2026-08-29 11:55:33,040 mqtt_client Connecting to broker.hivemq.com:1883
ERROR 2026-08-29 11:55:43,047 mqtt_client Connection error: timed out
INFO 2026-08-29 11:55:44,048 mqtt_client Connecting to broker.hivemq.com:1883
ERROR 2026-08-29 11:55:54,067 mqtt_client Connection error: timed out
INFO 2026-08-29 11:55:55,069 mqtt_client Connecting to broker.hivemq.com:1883
ERROR 2026-08-29 11:56:05,080 mqtt_client Connection error: timed out
INFO 2026-08-29 11:56:06,082 mqtt_client Connecting to broker.hivemq.com:1883
ERROR 2026-08-29 11:56:16,132 mqtt_client Connection error: timed out
INFO 2026-08-29 11:56:17,134 mqtt_client Connecting to broker.hivemq.com:1883
ERROR 2026-08-29 11:56:27,151 mqtt_client Connection error: timed out
INFO 2026-08-29 11:56:28,153 mqtt_client Connecting to broker.hivemq.com:1883
ERROR 2026-08-29 11:56:38,178 mqtt_client Connection error: timed out
INFO 2026-08-29 11:56:39,179 mqtt_client Connecting to broker.hivemq.com:1883
ERROR 2026-08-29 11:56:49,197 mqtt_client Connection error: timed out
INFO 2026-08-29 11:56:50,199 mqtt_client Connecting to broker.hivemq.com:1883
ERROR 2026-08-29 11:57:00,216 mqtt_client Connection error: timed out
INFO 2026-08-29 11:57:01,218 mqtt_client Connecting to broker.hivemq.com:1883
ERROR 2026-08-29 11:57:11,248 mqtt_client Connection error: timed out
INFO 2026-08-29 11:57:12,249 mqtt_client Connecting to broker.hivemq.com:1883
ERROR 2026-08-29 11:57:22,281 mqtt_client Connection error: timed out
INFO 2026-08-29 11:57:23,282 mqtt_client Connecting to broker.hivemq.com:1883
ERROR 2026-08-29 11:57:33,296 mqtt_client Connection error: timed out
INFO 2026-08-29 11:57:34,298 mqtt_client Connecting to broker.hivemq.com:1883
ERROR 2026-08-29 11:57:44,320 mqtt_client Connection error: timed out
INFO 2026-08-29 11:57:45,322 mqtt_client Connecting to broker.hivemq.com:1883
ERROR 2026-08-29 11:57:55,334 mqtt_client Connection error: timed out
INFO 2026-08-29 11:57:56,336 mqtt_client Connecting to broker.hivemq.com:1883
ERROR 2026-08-29 11:58:06,379 mqtt_client Connection error: timed out
INFO 2026-08-29 11:58:07,380 mqtt_client Connecting to broker.hivemq.com:1883
ERROR 2026-08-29 11:58:17,401 mqtt_client Connection error: timed out
INFO 2026-08-29 11:58:18,403 mqtt_client Connecting to broker.hivemq.com:1883
ERROR 2026-08-29 11:58:28,450 mqtt_client Connection error: timed out
INFO 2026-08-29 11:58:29,452 mqtt_client Connecting to broker.hivemq.com:1883
ERROR 2026-08-29 11:58:39,481 mqtt_client Connection error: timed out
INFO 2026-08-29 11:58:40,483 mqtt_client Connecting to broker.hivemq.com:1883
ERROR 2026-08-29 11:58:50,505 mqtt_client Connection error: timed out
INFO 2026-08-29 11:58:51,506 mqtt_client Connecting to broker.hivemq.com:1883
ERROR 2026-08-29 11:59:01,533 mqtt_client Connection error: timed out
INFO 2026-08-29 11:59:02,535 mqtt_client Connecting to broker.hivemq.com:1883
ERROR 2026-08-29 11:59:12,563 mqtt_client Connection error: timed out
INFO 2026-08-29 11:59:13,564 mqtt_client Connecting to broker.hivemq.com:1883
ERROR 2026-08-29 11:59:23,582 mqtt_client Connection error: timed out
INFO 2026-08-29 11:59:24,583 mqtt_client Connecting to broker.hivemq.com:1883
ERROR 2026-08-29 11:59:34,630 mqtt_client Connection error: timed out
INFO 2026-08-29 11:59:35,631 mqtt_client Connecting to broker.hivemq.com:1883
ERROR 2026-08-29 11:59:45,671 mqtt_client Connection error: timed out
INFO 2026-08-29 11:59:46,673 mqtt_client Connecting to broker.hivemq.com:1883
ERROR 2026-08-29 11:59:56,698 mqtt_client Connection error: timed out
INFO 2026-08-29 11:59:57,700 mqtt_client Connecting to broker.hivemq.com:1883
ERROR 2026-08-29 12:00:07,712 mqtt_client Connection error: timed out
INFO 2026-08-29 12:00:08,713 mqtt_client Connecting to broker.hivemq.com:1883
ERROR 2026-08-29 12:00:18,732 mqtt_client Connection error: timed out
INFO 2026-08-29 12:00:19,733 mqtt_client Connecting to broker.hivemq.com:1883
ERROR 2026-08-29 12:00:29,747 mqtt_client Connection error: timed out
INFO 2026-08-29 12:00:30,748 mqtt_client Connecting to broker.hivemq.com:1883
ERROR 2026-08-29 12:00:40,779 mqtt_client Connection error: timed out
INFO 2026-08-29 12:00:41,779 mqtt_client Connecting to broker.hivemq.com:1883
ERROR 2026-08-29 12:00:51,781 mqtt_client Connection error: timed out
INFO 2026-08-29 12:00:52,783 mqtt_client Connecting to broker.hivemq.com:1883
ERROR 2026-08-29 12:01:02,816 mqtt_client Connection error: timed out
INFO 2026-08-29 12:01:03,818 mqtt_client Connecting to broker.hivemq.com:1883
ERROR 2026-08-29 12:01:13,851 mqtt_client Connection error: timed out
INFO 2026-08-29 12:01:14,852 mqtt_client Connecting to broker.hivemq.com:1883
ERROR 2026-08-29 12:01:24,865 mqtt_client Connection error: timed out
INFO 2026-08-29 12:01:25,866 mqtt_client Connecting to broker.hivemq.com:1883
ERROR 2026-08-29 12:01:35,884 mqtt_client Connection error: timed out
INFO 2026-08-29 12:01:36,885 mqtt_client Connecting to broker.hivemq.com:1883
ERROR 2026-08-29 12:01:46,906 mqtt_client Connection error: timed out
INFO 2026-08-29 12:01:47,908 mqtt_client Connecting to broker.hivemq.com:1883
ERROR 2026-08-29 12:01:57,919 mqtt_client Connection error: timed out
INFO 2026-08-29 12:01:58,921 mqtt_client Connecting to broker.hivemq.com:1883
ERROR 2026-08-29 12:02:08,935 mqtt_client Connection error: timed out
INFO 2026-08-29 12:02:09,937 mqtt_client Connecting to broker.hivemq.com:1883
ERROR 2026-08-29 12:02:19,950 mqtt_client Connection error: timed out
INFO 2026-08-29 12:02:20,951 mqtt_client Connecting to broker.hivemq.com:1883
ERROR 2026-08-29 12:02:30,978 mqtt_client Connection error: timed out
INFO 2026-08-29 12:02:31,979 mqtt_client Connecting to broker.hivemq.com:1883
ERROR 2026-08-29 12:02:41,994 mqtt_client Connection error: timed out
INFO 2026-08-29 12:02:42,995 mqtt_client Connecting to broker.hivemq.com:1883
ERROR 2026-08-29 12:02:53,010 mqtt_client Connection error: timed out
INFO 2026-08-29 12:02:54,011 mqtt_client Connecting to broker.hivemq.com:1883
ERROR 2026-08-29 12:03:04,049 mqtt_client Connection error: timed out
INFO 2026-08-29 12:03:05,050 mqtt_client Connecting to broker.hivemq.com:1883
ERROR 2026-08-29 12:03:15,067 mqtt_client Connection error: timed out
INFO 2026-08-29 12:03:16,068 mqtt_client Connecting to broker.hivemq.com:1883
ERROR 2026-08-29 12:03:26,098 mqtt_client Connection error: timed out
INFO 2026-08-29 12:03:27,100 mqtt_client Connecting to broker.hivemq.com:1883
ERROR 2026-08-29 12:03:37,119 mqtt_client Connection error: timed out
INFO 2026-08-29 12:03:38,121 mqtt_client Connecting to broker.hivemq.com:1883
ERROR 2026-08-29 12:03:48,134 mqtt_client Connection error: timed out
INFO 2026-08-29 12:03:49,157 mqtt_client Connecting to broker.hivemq.com:1883
ERROR 2026-08-29 12:03:59,229 mqtt_client Connection error: timed out
INFO 2026-08-29 12:04:00,230 mqtt_client Connecting to broker.hivemq.com:1883
ERROR 2026-08-29 12:04:10,237 mqtt_client Connection error: timed out
INFO 2026-08-29 12:04:11,239 mqtt_client Connecting to broker.hivemq.com:1883
ERROR 2026-08-29 12:04:21,250 mqtt_client Connection error: timed out
INFO 2026-08-29 12:04:22,252 mqtt_client Connecting to broker.hivemq.com:1883
ERROR 2026-08-29 12:04:32,297 mqtt_client Connection error: timed out
INFO 2026-08-29 12:04:33,298 mqtt_client Connecting to broker.hivemq.com:1883
ERROR 2026-08-29 12:04:43,310 mqtt_client Connection error: timed out
INFO 2026-08-29 12:04:44,311 mqtt_client Connecting to broker.hivemq.com:1883
ERROR 2026-08-29 12:04:54,321 mqtt_client Connection error: timed out
INFO 2026-08-29 12:04:55,324 mqtt_client Connecting to broker.hivemq.com:1883
ERROR 2026-08-29 12:05:05,350 mqtt_client Connection error: timed out
INFO 2026-08-29 12:05:06,351 mqtt_client Connecting to broker.hivemq.com:1883
ERROR 2026-08-29 12:05:16,365 mqtt_client Connection error: timed out
INFO 2026-08-29 12:05:17,366 mqtt_client Connecting to broker.hivemq.com:1883
ERROR 2026-08-29 12:05:27,387 mqtt_client Connection error: timed out
INFO 2026-08-29 12:05:28,389 mqtt_client Connecting to broker.hivemq.com:1883
ERROR 2026-08-29 12:05:38,405 mqtt_client Connection error: timed out
INFO 2026-08-29 12:05:39,407 mqtt_client Connecting to broker.hivemq.com:1883
ERROR 2026-08-29 12:05:49,431 mqtt_client Connection error: timed out
INFO 2026-08-29 12:05:50,432 mqtt_client Connecting to broker.hivemq.com:1883
ERROR 2026-08-29 12:06:00,452 mqtt_client Connection error: timed out
INFO 2026-08-29 12:06:01,454 mqtt_client Connecting to broker.hivemq.com:1883
ERROR 2026-08-29 12:06:11,530 mqtt_client Connection error: timed out
INFO 2026-08-29 12:06:12,531 mqtt_client Connecting to broker.hivemq.com:1883
ERROR 2026-08-29 12:06:22,571 mqtt_client Connection error: timed out
INFO 2026-08-29 12:06:23,573 mqtt_client Connecting to broker.hivemq.com:1883
ERROR 2026-08-29 12:06:33,589 mqtt_client Connection error: timed out
INFO 2026-08-29 12:06:34,591 mqtt_client Connecting to broker.hivemq.com:1883
ERROR 2026-08-29 12:06:44,602 mqtt_client Connection error: timed out
INFO 2026-08-29 12:06:45,603 mqtt_client Connecting to broker.hivemq.com:1883
ERROR 2026-08-29 12:06:55,623 mqtt_client Connection error: timed out
INFO 2026-08-29 12:06:56,624 mqtt_client Connecting to broker.hivemq.com:1883
ERROR 2026-08-29 12:07:06,645 mqtt_client Connection error: timed out
INFO 2026-08-29 12:07:07,646 mqtt_client Connecting to broker.hivemq.com:1883
ERROR 2026-08-29 12:07:17,658 mqtt_client Connection error: timed out
INFO 2026-08-29 12:07:18,659 mqtt_client Connecting to broker.hivemq.com:1883
ERROR 2026-08-29 12:07:28,674 mqtt_client Connection error: timed out
INFO 2026-08-29 12:07:29,675 mqtt_client Connecting to broker.hivemq.com:1883
ERROR 2026-08-29 12:07:39,686 mqtt_client Connection error: timed out
INFO 2026-08-29 12:07:40,688 mqtt_client Connecting to broker.hivemq.com:1883
ERROR 2026-08-29 12:07:50,718 mqtt_client Connection error: timed out
INFO 2026-08-29 12:07:51,720 mqtt_client Connecting to broker.hivemq.com:1883
ERROR 2026-08-29 12:08:01,750 mqtt_client Connection error: timed out
INFO 2026-08-29 12:08:02,750 mqtt_client Connecting to broker.hivemq.com:1883
ERROR 2026-08-29 12:08:12,776 mqtt_client Connection error: timed out
INFO 2026-08-29 12:08:13,778 mqtt_client Connecting to broker.hivemq.com:1883
ERROR 2026-08-29 12:08:23,811 mqtt_client Connection error: timed out
INFO 2026-08-29 12:08:24,813 mqtt_client Connecting to broker.hivemq.com:1883
ERROR 2026-08-29 12:08:34,823 mqtt_client Connection error: timed out
INFO 2026-08-29 12:08:35,824 mqtt_client Connecting to broker.hivemq.com:1883
ERROR 2026-08-29 12:08:45,838 mqtt_client Connection error: timed out
INFO 2026-08-29 12:08:46,839 mqtt_client Connecting to broker.hivemq.com:1883
ERROR 2026-08-29 12:08:56,856 mqtt_client Connection error: timed out
INFO 2026-08-29 12:08:57,857 mqtt_client Connecting to broker.hivemq.com:1883
ERROR 2026-08-29 12:09:07,863 mqtt_client Connection error: timed out
INFO 2026-08-29 12:09:08,864 mqtt_client Connecting to broker.hivemq.com:1883
ERROR 2026-08-29 12:09:18,881 mqtt_client Connection error: timed out
INFO 2026-08-29 12:09:19,882 mqtt_client Connecting to broker.hivemq.com:1883
ERROR 2026-08-29 12:09:29,920 mqtt_client Connection error: timed out
INFO 2026-08-29 12:09:30,922 mqtt_client Connecting to broker.hivemq.com:1883
ERROR 2026-08-29 12:09:40,950 mqtt_client Connection error: timed out
INFO 2026-08-29 12:09:41,952 mqtt_client Connecting to broker.hivemq.com:1883
ERROR 2026-08-29 12:09:51,974 mqtt_client Connection error: timed out
INFO 2026-08-29 12:09:52,976 mqtt_client Connecting to broker.hivemq.com:1883
ERROR 2026-08-29 12:10:03,000 mqtt_client Connection error: timed out
INFO 2026-08-29 12:10:04,001 mqtt_client Connecting to broker.hivemq.com:1883
ERROR 2026-08-29 12:10:14,014 mqtt_client Connection error: timed out
INFO 2026-08-29 12:10:15,016 mqtt_client Connecting to broker.hivemq.com:1883
ERROR 2026-08-29 12:10:25,025 mqtt_client Connection error: timed out
INFO 2026-08-29 12:10:26,026 mqtt_client Connecting to broker.hivemq.com:1883
ERROR 2026-08-29 12:10:36,036 mqtt_client Connection error: timed out
INFO 2026-08-29 12:10:37,037 mqtt_client Connecting to broker.hivemq.com:1883
ERROR 2026-08-29 12:10:47,063 mqtt_client Connection error: timed out
INFO 2026-08-29 12:10:48,065 mqtt_client Connecting to broker.hivemq.com:1883
ERROR 2026-08-29 12:10:58,089 mqtt_client Connection error: timed out
INFO 2026-08-29 12:10:59,090 mqtt_client Connecting to broker.hivemq.com:1883
ERROR 2026-08-29 12:11:09,100 mqtt_client Connection error: timed out
INFO 2026-08-29 12:11:10,101 mqtt_client Connecting to broker.hivemq.com:1883
ERROR 2026-08-29 12:11:20,118 mqtt_client Connection error: timed out
INFO 2026-08-29 12:11:21,119 mqtt_client Connecting to broker.hivemq.com:1883
ERROR 2026-08-29 12:11:31,135 mqtt_client Connection error: timed out
INFO 2026-08-29 12:11:32,137 mqtt_client Connecting to broker.hivemq.com:1883
ERROR 2026-08-29 12:11:42,203 mqtt_client Connection error: timed out
INFO 2026-08-29 12:11:43,204 mqtt_client Connecting to broker.hivemq.com:1883
ERROR 2026-08-29 12:11:53,217 mqtt_client Connection error: timed out
INFO 2026-08-29 12:11:54,219 mqtt_client Connecting to broker.hivemq.com:1883
ERROR 2026-08-29 12:12:04,239 mqtt_client Connection error: timed out
INFO 2026-08-29 12:12:05,241 mqtt_client Connecting to broker.hivemq.com:1883
ERROR 2026-08-29 12:12:15,284 mqtt_client Connection error: timed out
INFO 2026-08-29 12:12:16,286 mqtt_client Connecting to broker.hivemq.com:1883
ERROR 2026-08-29 12:12:26,313 mqtt_client Connection error: timed out
INFO 2026-08-29 12:12:27,314 mqtt_client Connecting to broker.hivemq.com:1883
ERROR 2026-08-29 12:12:37,329 mqtt_client Connection error: timed out
INFO 2026-08-29 12:12:38,330 mqtt_client Connecting to broker.hivemq.com:1883
ERROR 2026-08-29 12:12:51,415 mqtt_client Connection error: timed out
INFO 2026-08-29 12:12:52,416 mqtt_client Connecting to broker.hivemq.com:1883
ERROR 2026-08-29 12:13:02,448 mqtt_client Connection error: timed out
INFO 2026-08-29 12:13:03,449 mqtt_client Connecting to broker.hivemq.com:1883
ERROR 2026-08-29 12:13:13,462 mqtt_client Connection error: timed out
INFO 2026-08-29 12:13:14,463 mqtt_client Connecting to broker.hivemq.com:1883
ERROR 2026-08-29 12:13:24,496 mqtt_client Connection error: timed out
INFO 2026-08-29 12:13:25,497 mqtt_client Connecting to broker.hivemq.com:1883
ERROR 2026-08-29 12:13:35,510 mqtt_client Connection error: timed out
INFO 2026-08-29 12:13:36,512 mqtt_client Connecting to broker.hivemq.com:1883
ERROR 2026-08-29 12:13:46,524 mqtt_client Connection error: timed out
INFO 2026-08-29 12:13:47,525 mqtt_client Connecting to broker.hivemq.com:1883
ERROR 2026-08-29 12:13:57,560 mqtt_client Connection error: timed out
INFO 2026-08-29 12:13:58,562 mqtt_client Connecting to broker.hivemq.com:1883
ERROR 2026-08-29 12:14:08,590 mqtt_client Connection error: timed out
INFO 2026-08-29 12:14:09,591 mqtt_client Connecting to broker.hivemq.com:1883
ERROR 2026-08-29 12:14:19,599 mqtt_client Connection error: timed out
INFO 2026-08-29 12:14:20,600 mqtt_client Connecting to broker.hivemq.com:1883
ERROR 2026-08-29 12:14:30,625 mqtt_client Connection error: timed out
INFO 2026-08-29 12:14:31,627 mqtt_client Connecting to broker.hivemq.com:1883
ERROR 2026-08-29 12:14:41,651 mqtt_client Connection error: timed out
INFO 2026-08-29 12:14:42,654 mqtt_client Connecting to broker.hivemq.com:1883
ERROR 2026-08-29 12:14:52,716 mqtt_client Connection error: timed out
INFO 2026-08-29 12:14:53,718 mqtt_client Connecting to broker.hivemq.com:1883
ERROR 2026-08-29 12:15:03,733 mqtt_client Connection error: timed out
INFO 2026-08-29 12:15:04,734 mqtt_client Connecting to broker.hivemq.com:1883
ERROR 2026-08-29 12:15:14,747 mqtt_client Connection error: timed out
INFO 2026-08-29 12:15:15,749 mqtt_client Connecting to broker.hivemq.com:1883
ERROR 2026-08-29 12:15:25,765 mqtt_client Connection error: timed out
INFO 2026-08-29 12:15:26,766 mqtt_client Connecting to broker.hivemq.com:1883
ERROR 2026-08-29 12:15:36,797 mqtt_client Connection error: timed out
INFO 2026-08-29 12:15:37,798 mqtt_client Connecting to broker.hivemq.com:1883
ERROR 2026-08-29 12:15:47,809 mqtt_client Connection error: timed out
INFO 2026-08-29 12:15:48,810 mqtt_client Connecting to broker.hivemq.com:1883
ERROR 2026-08-29 12:15:58,816 mqtt_client Connection error: timed out
INFO 2026-08-29 12:15:59,818 mqtt_client Connecting to broker.hivemq.com:1883
ERROR 2026-08-29 12:16:09,878 mqtt_client Connection error: timed out
INFO 2026-08-29 12:16:10,879 mqtt_client Connecting to broker.hivemq.com:1883
ERROR 2026-08-29 12:16:20,884 mqtt_client Connection error: timed out
INFO 2026-08-29 12:16:21,885 mqtt_client Connecting to broker.hivemq.com:1883
ERROR 2026-08-29 12:16:31,906 mqtt_client Connection error: timed out
INFO 2026-08-29 12:16:32,907 mqtt_client Connecting to broker.hivemq.com:1883
ERROR 2026-08-29 12:16:42,918 mqtt_client Connection error: timed out
INFO 2026-08-29 12:16:43,922 mqtt_client Connecting to broker.hivemq.com:1883
ERROR 2026-08-29 12:16:53,965 mqtt_client Connection error: timed out
INFO 2026-08-29 12:16:54,966 mqtt_client Connecting to broker.hivemq.com:1883
ERROR 2026-08-29 12:17:04,982 mqtt_client Connection error: timed out
INFO 2026-08-29 12:17:05,983 mqtt_client Connecting to broker.hivemq.com:1883
ERROR 2026-08-29 12:17:15,996 mqtt_client Connection error: timed out
INFO 2026-08-29 12:17:16,997 mqtt_client Connecting to broker.hivemq.com:1883
ERROR 2026-08-29 12:17:27,010 mqtt_client Connection error: timed out
INFO 2026-08-29 12:17:28,012 mqtt_client Connecting to broker.hivemq.com:1883
ERROR 2026-08-29 12:17:38,024 mqtt_client Connection error: timed out
INFO 2026-08-29 12:17:39,026 mqtt_client Connecting to broker.hivemq.com:1883
ERROR 2026-08-29 12:17:49,035 mqtt_client Connection error: timed out
INFO 2026-08-29 12:17:50,036 mqtt_client Connecting to broker.hivemq.com:1883
ERROR 2026-08-29 12:18:00,051 mqtt_client Connection error: timed out
INFO 2026-08-29 12:18:01,052 mqtt_client Connecting to broker.hivemq.com:1883
ERROR 2026-08-29 12:18:11,080 mqtt_client Connection error: timed out
INFO 2026-08-29 12:18:12,082 mqtt_client Connecting to broker.hivemq.com:1883
ERROR 2026-08-29 12:18:22,109 mqtt_client Connection error: timed out
INFO 2026-08-29 12:18:23,110 mqtt_client Connecting to broker.hivemq.com:1883
ERROR 2026-08-29 12:18:33,126 mqtt_client Connection error: timed out
INFO 2026-08-29 12:18:34,128 mqtt_client Connecting to broker.hivemq.com:1883
ERROR 2026-08-29 12:18:44,141 mqtt_client Connection error: timed out
INFO 2026-08-29 12:18:45,142 mqtt_client Connecting to broker.hivemq.com:1883
ERROR 2026-08-29 12:18:55,167 mqtt_client Connection error: timed out
INFO 2026-08-29 12:18:56,169 mqtt_client Connecting to broker.hivemq.com:1883
ERROR 2026-08-29 12:19:06,196 mqtt_client Connection error: timed out
INFO 2026-08-29 12:19:07,198 mqtt_client Connecting to broker.hivemq.com:1883
ERROR 2026-08-29 12:19:17,234 mqtt_client Connection error: timed out
INFO 2026-08-29 12:19:18,236 mqtt_client Connecting to broker.hivemq.com:1883
ERROR 2026-08-29 12:19:28,243 mqtt_client Connection error: timed out
INFO 2026-08-29 12:19:29,245 mqtt_client Connecting to broker.hivemq.com:1883
ERROR 2026-08-29 12:19:39,259 mqtt_client Connection error: timed out
INFO 2026-08-29 12:19:40,260 mqtt_client Connecting to broker.hivemq.com:1883
ERROR 2026-08-29 12:19:50,276 mqtt_client Connection error: timed out
INFO 2026-08-29 12:19:51,277 mqtt_client Connecting to broker.hivemq.com:1883
ERROR 2026-08-29 12:20:01,292 mqtt_client Connection error: timed out
INFO 2026-08-29 12:20:02,293 mqtt_client Connecting to broker.hivemq.com:1883
ERROR 2026-08-29 12:20:12,301 mqtt_client Connection error: timed out
INFO 2026-08-29 12:20:13,302 mqtt_client Connecting to broker.hivemq.com:1883
ERROR 2026-08-29 12:20:23,331 mqtt_client Connection error: timed out
INFO 2026-08-29 12:20:24,332 mqtt_client Connecting to broker.hivemq.com:1883
ERROR 2026-08-29 12:20:34,350 mqtt_client Connection error: timed out
INFO 2026-08-29 12:20:35,351 mqtt_client Connecting to broker.hivemq.com:1883
ERROR 2026-08-29 12:20:45,362 mqtt_client Connection error: timed out
INFO 2026-08-29 12:20:46,364 mqtt_client Connecting to broker.hivemq.com:1883
ERROR 2026-08-29 12:20:56,382 mqtt_client Connection error: timed out
INFO 2026-08-29 12:20:57,384 mqtt_client Connecting to broker.hivemq.com:1883
ERROR 2026-08-29 12:21:07,414 mqtt_client Connection error: timed out
INFO 2026-08-29 12:21:08,425 mqtt_client Connecting to broker.hivemq.com:1883
ERROR 2026-08-29 12:21:18,434 mqtt_client Connection error: timed out
INFO 2026-08-29 12:21:19,435 mqtt_client Connecting to broker.hivemq.com:1883
ERROR 2026-08-29 12:21:29,447 mqtt_client Connection error: timed out
INFO 2026-08-29 12:21:30,448 mqtt_client Connecting to broker.hivemq.com:1883
ERROR 2026-08-29 12:21:40,465 mqtt_client Connection error: timed out
INFO 2026-08-29 12:21:41,466 mqtt_client Connecting to broker.hivemq.com:1883
ERROR 2026-08-29 12:21:51,478 mqtt_client Connection error: timed out
INFO 2026-08-29 12:21:52,479 mqtt_client Connecting to broker.hivemq.com:1883
ERROR 2026-08-29 12:22:02,499 mqtt_client Connection error: timed out
INFO 2026-08-29 12:22:03,501 mqtt_client Connecting to broker.hivemq.com:1883
ERROR 2026-08-29 12:22:13,526 mqtt_client Connection error: timed out
INFO 2026-08-29 12:22:14,528 mqtt_client Connecting to broker.hivemq.com:1883
ERROR 2026-08-29 12:22:24,536 mqtt_client Connection error: timed out
INFO 2026-08-29 12:22:25,538 mqtt_client Connecting to broker.hivemq.com:1883
ERROR 2026-08-29 12:22:35,557 mqtt_client Connection error: timed out
INFO 2026-08-29 12:22:36,559 mqtt_client Connecting to broker.hivemq.com:1883
ERROR 2026-08-29 12:22:46,576 mqtt_client Connection error: timed out
INFO 2026-08-29 12:22:47,577 mqtt_client Connecting to broker.hivemq.com:1883
ERROR 2026-08-29 12:22:57,584 mqtt_client Connection error: timed out
INFO 2026-08-29 12:22:58,587 mqtt_client Connecting to broker.hivemq.com:1883
ERROR 2026-08-29 12:23:08,596 mqtt_client Connection error: timed out
INFO 2026-08-29 12:23:09,598 mqtt_client Connecting to broker.hivemq.com:1883
ERROR 2026-08-29 12:23:19,608 mqtt_client Connection error: timed out
INFO 2026-08-29 12:23:20,610 mqtt_client Connecting to broker.hivemq.com:1883
ERROR 2026-08-29 12:23:30,617 mqtt_client Connection error: timed out
INFO 2026-08-29 12:23:31,618 mqtt_client Connecting to broker.hivemq.com:1883
ERROR 2026-08-29 12:23:41,658 mqtt_client Connection error: timed out
INFO 2026-08-29 12:23:42,660 mqtt_client Connecting to broker.hivemq.com:1883
ERROR 2026-08-29 12:23:52,684 mqtt_client Connection error: timed out
INFO 2026-08-29 12:23:53,685 mqtt_client Connecting to broker.hivemq.com:1883
ERROR 2026-08-29 12:24:03,694 mqtt_client Connection error: timed out
INFO 2026-08-29 12:24:04,695 mqtt_client Connecting to broker.hivemq.com:1883
ERROR 2026-08-29 12:24:14,704 mqtt_client Connection error: timed out
INFO 2026-08-29 12:24:15,706 mqtt_client Connecting to broker.hivemq.com:1883
ERROR 2026-08-29 12:24:25,742 mqtt_client Connection error: timed out
INFO 2026-08-29 12:24:26,743 mqtt_client Connecting to broker.hivemq.com:1883
ERROR 2026-08-29 12:24:36,759 mqtt_client Connection error: timed out
INFO 2026-08-29 12:24:37,761 mqtt_client Connecting to broker.hivemq.com:1883
ERROR 2026-08-29 12:24:47,816 mqtt_client Connection error: timed out
INFO 2026-08-29 12:24:48,817 mqtt_client Connecting to broker.hivemq.com:1883
ERROR 2026-08-29 12:24:58,825 mqtt_client Connection error: timed out
INFO 2026-08-29 12:24:59,827 mqtt_client Connecting to broker.hivemq.com:1883
ERROR 2026-08-29 12:25:09,832 mqtt_client Connection error: timed out
INFO 2026-08-29 12:25:10,834 mqtt_client Connecting to broker.hivemq.com:1883
ERROR 2026-08-29 12:25:20,858 mqtt_client Connection error: timed out
INFO 2026-08-29 12:25:21,860 mqtt_client Connecting to broker.hivemq.com:1883
ERROR 2026-08-29 12:25:31,875 mqtt_client Connection error: timed out
INFO 2026-08-29 12:25:32,876 mqtt_client Connecting to broker.hivemq.com:1883
ERROR 2026-08-29 12:25:42,891 mqtt_client Connection error: timed out
INFO 2026-08-29 12:25:43,892 mqtt_client Connecting to broker.hivemq.com:1883
ERROR 2026-08-29 12:25:53,932 mqtt_client Connection error: timed out
INFO 2026-08-29 12:25:54,933 mqtt_client Connecting to broker.hivemq.com:1883
ERROR 2026-08-29 12:26:04,968 mqtt_client Connection error: timed out
INFO 2026-08-29 12:26:05,969 mqtt_client Connecting to broker.hivemq.com:1883
ERROR 2026-08-29 12:26:15,982 mqtt_client Connection error: timed out
INFO 2026-08-29 12:26:16,983 mqtt_client Connecting to broker.hivemq.com:1883
ERROR 2026-08-29 12:26:27,008 mqtt_client Connection error: timed out
INFO 2026-08-29 12:26:28,009 mqtt_client Connecting to broker.hivemq.com:1883
ERROR 2026-08-29 12:26:38,021 mqtt_client Connection error: timed out
INFO 2026-08-29 12:26:39,022 mqtt_client Connecting to broker.hivemq.com:1883
ERROR 2026-08-29 12:26:49,033 mqtt_client Connection error: timed out
INFO 2026-08-29 12:26:50,034 mqtt_client Connecting to broker.hivemq.com:1883
ERROR 2026-08-29 12:27:00,419 mqtt_client Connection error: timed out
INFO 2026-08-29 12:27:01,420 mqtt_client Connecting to broker.hivemq.com:1883
ERROR 2026-08-29 12:27:11,431 mqtt_client Connection error: timed out
INFO 2026-08-29 12:27:12,432 mqtt_client Connecting to broker.hivemq.com:1883
ERROR 2026-08-29 12:27:22,441 mqtt_client Connection error: timed out
INFO 2026-08-29 12:27:23,442 mqtt_client Connecting to broker.hivemq.com:1883
ERROR 2026-08-29 12:27:33,466 mqtt_client Connection error: timed out
INFO 2026-08-29 12:27:34,467 mqtt_client Connecting to broker.hivemq.com:1883
ERROR 2026-08-29 12:27:44,483 mqtt_client Connection error: timed out
INFO 2026-08-29 12:27:45,485 mqtt_client Connecting to broker.hivemq.com:1883
ERROR 2026-08-29 12:27:55,495 mqtt_client Connection error: timed out
INFO 2026-08-29 12:27:56,497 mqtt_client Connecting to broker.hivemq.com:1883
ERROR 2026-08-29 12:28:06,516 mqtt_client Connection error: timed out
INFO 2026-08-29 12:28:07,517 mqtt_client Connecting to broker.hivemq.com:1883
ERROR 2026-08-29 12:28:17,535 mqtt_client Connection error: timed out
INFO 2026-08-29 12:28:18,537 mqtt_client Connecting to broker.hivemq.com:1883
ERROR 2026-08-29 12:28:28,560 mqtt_client Connection error: timed out
INFO 2026-08-29 12:28:29,561 mqtt_client Connecting to broker.hivemq.com:1883
ERROR 2026-08-29 12:28:39,583 mqtt_client Connection error: timed out
INFO 2026-08-29 12:28:40,587 mqtt_client Connecting to broker.hivemq.com:1883
ERROR 2026-08-29 12:28:50,608 mqtt_client Connection error: timed out
INFO 2026-08-29 12:28:51,610 mqtt_client Connecting to broker.hivemq.com:1883
ERROR 2026-08-29 12:29:01,622 mqtt_client Connection error: timed out
INFO 2026-08-29 12:29:02,625 mqtt_client Connecting to broker.hivemq.com:1883
ERROR 2026-08-29 12:29:12,667 mqtt_client Connection error: timed out
INFO 2026-08-29 12:29:13,669 mqtt_client Connecting to broker.hivemq.com:1883
ERROR 2026-08-29 12:29:23,689 mqtt_client Connection error: timed out
INFO 2026-08-29 12:29:24,690 mqtt_client Connecting to broker.hivemq.com:1883
ERROR 2026-08-29 12:29:34,702 mqtt_client Connection error: timed out
INFO 2026-08-29 12:29:35,705 mqtt_client Connecting to broker.hivemq.com:1883
ERROR 2026-08-29 12:29:45,721 mqtt_client Connection error: timed out
INFO 2026-08-29 12:29:46,723 mqtt_client Connecting to broker.hivemq.com:1883
ERROR 2026-08-29 12:29:56,741 mqtt_client Connection error: timed out
INFO 2026-08-29 12:29:57,743 mqtt_client Connecting to broker.hivemq.com:1883
ERROR 2026-08-29 12:30:07,764 mqtt_client Connection error: timed out
INFO 2026-08-29 12:30:08,765 mqtt_client Connecting to broker.hivemq.com:1883
ERROR 2026-08-29 12:30:18,783 mqtt_client Connection error: timed out
INFO 2026-08-29 12:30:19,784 mqtt_client Connecting to broker.hivemq.com:1883
ERROR 2026-08-29 12:30:29,801 mqtt_client Connection error: timed out
INFO 2026-08-29 12:30:30,804 mqtt_client Connecting to broker.hivemq.com:1883
ERROR 2026-08-29 12:30:40,824 mqtt_client Connection error: timed out
INFO 2026-08-29 12:30:41,825 mqtt_client Connecting to broker.hivemq.com:1883
ERROR 2026-08-29 12:30:51,833 mqtt_client Connection error: timed out
INFO 2026-08-29 12:30:52,836 mqtt_client Connecting to broker.hivemq.com:1883
ERROR 2026-08-29 12:31:02,865 mqtt_client Connection error: timed out
INFO 2026-08-29 12:31:03,867 mqtt_client Connecting to broker.hivemq.com:1883
ERROR 2026-08-29 12:31:13,924 mqtt_client Connection error: timed out
INFO 2026-08-29 12:31:14,926 mqtt_client Connecting to broker.hivemq.com:1883
ERROR 2026-08-29 12:31:24,937 mqtt_client Connection error: timed out
INFO 2026-08-29 12:31:25,938 mqtt_client Connecting to broker.hivemq.com:1883
ERROR 2026-08-29 12:31:35,974 mqtt_client Connection error: timed out
INFO 2026-08-29 12:31:36,975 mqtt_client Connecting to broker.hivemq.com:1883
ERROR 2026-08-29 12:31:46,999 mqtt_client Connection error: timed out
INFO 2026-08-29 12:31:48,001 mqtt_client Connecting to broker.hivemq.com:1883
ERROR 2026-08-29 12:31:58,015 mqtt_client Connection error: timed out
INFO 2026-08-29 12:31:59,016 mqtt_client Connecting to broker.hivemq.com:1883
ERROR 2026-08-29 12:32:09,025 mqtt_client Connection error: timed out
INFO 2026-08-29 12:32:10,029 mqtt_client Connecting to broker.hivemq.com:1883
ERROR 2026-08-29 12:32:15,272 mqtt_client Connection error: [WinError 10051] A socket operation was attempted to an unreachable network
INFO 2026-08-29 12:32:16,277 mqtt_client Connecting to broker.hivemq.com:1883
ERROR 2026-08-29 12:32:16,278 mqtt_client Connection error: [Errno 11001] getaddrinfo failed
INFO 2026-08-29 12:32:17,280 mqtt_client Connecting to broker.hivemq.com:1883
ERROR 2026-08-29 12:32:17,280 mqtt_client Connection error: [Errno 11001] getaddrinfo failed
INFO 2026-08-29 12:33:07,874 mqtt_client Connecting to broker.hivemq.com:1883
ERROR 2026-08-29 12:33:08,170 mqtt_client Connection error: [Errno 11001] getaddrinfo failed
INFO 2026-08-29 12:33:09,174 mqtt_client Connecting to broker.hivemq.com:1883
ERROR 2026-08-29 12:33:09,191 mqtt_client Connection error: [Errno 11001] getaddrinfo failed
INFO 2026-08-29 12:33:10,198 mqtt_client Connecting to broker.hivemq.com:1883
ERROR 2026-08-29 12:33:10,221 mqtt_client Connection error: [Errno 11001] getaddrinfo failed
INFO 2026-08-29 12:33:11,316 mqtt_client Connecting to broker.hivemq.com:1883
ERROR 2026-08-29 12:33:11,380 mqtt_client Connection error: [Errno 11001] getaddrinfo failed
INFO 2026-08-29 12:33:12,441 mqtt_client Connecting to broker.hivemq.com:1883
ERROR 2026-08-29 12:33:23,709 mqtt_client Connection error: timed out
INFO 2026-08-29 12:33:24,930 mqtt_client Connecting to broker.hivemq.com:1883
ERROR 2026-08-29 12:33:35,036 mqtt_client Connection error: timed out
INFO 2026-08-29 12:33:36,075 mqtt_client Connecting to broker.hivemq.com:1883
ERROR 2026-08-29 12:33:46,137 mqtt_client Connection error: timed out
INFO 2026-08-29 12:33:47,141 mqtt_client Connecting to broker.hivemq.com:1883
ERROR 2026-08-29 12:33:57,163 mqtt_client Connection error: timed out
INFO 2026-08-29 12:33:58,165 mqtt_client Connecting to broker.hivemq.com:1883
ERROR 2026-08-29 12:34:08,172 mqtt_client Connection error: timed out
INFO 2026-08-29 12:34:09,175 mqtt_client Connecting to broker.hivemq.com:1883
ERROR 2026-08-29 12:34:19,195 mqtt_client Connection error: timed out
INFO 2026-08-29 12:34:20,196 mqtt_client Connecting to broker.hivemq.com:1883
ERROR 2026-08-29 12:34:30,224 mqtt_client Connection error: timed out
INFO 2026-08-29 12:34:31,225 mqtt_client Connecting to broker.hivemq.com:1883
ERROR 2026-08-29 12:34:41,252 mqtt_client Connection error: timed out
INFO 2026-08-29 12:34:42,257 mqtt_client Connecting to broker.hivemq.com:1883
ERROR 2026-08-29 12:34:52,270 mqtt_client Connection error: timed out
INFO 2026-08-29 12:34:53,271 mqtt_client Connecting to broker.hivemq.com:1883
ERROR 2026-08-29 12:35:03,279 mqtt_client Connection error: timed out
INFO 2026-08-29 12:35:04,281 mqtt_client Connecting to broker.hivemq.com:1883
ERROR 2026-08-29 12:35:14,292 mqtt_client Connection error: timed out
INFO 2026-08-29 12:35:15,294 mqtt_client Connecting to broker.hivemq.com:1883
ERROR 2026-08-29 12:35:25,325 mqtt_client Connection error: timed out
INFO 2026-08-29 12:35:26,326 mqtt_client Connecting to broker.hivemq.com:1883
ERROR 2026-08-29 12:35:36,368 mqtt_client Connection error: timed out
INFO 2026-08-29 12:35:37,370 mqtt_client Connecting to broker.hivemq.com:1883
ERROR 2026-08-29 12:35:47,390 mqtt_client Connection error: timed out
INFO 2026-08-29 12:35:48,391 mqtt_client Connecting to broker.hivemq.com:1883
ERROR 2026-08-29 12:35:58,404 mqtt_client Connection error: timed out
INFO 2026-08-29 12:35:59,405 mqtt_client Connecting to broker.hivemq.com:1883
ERROR 2026-08-29 12:36:09,419 mqtt_client Connection error: timed out
INFO 2026-08-29 12:36:10,420 mqtt_client Connecting to broker.hivemq.com:1883
ERROR 2026-08-29 12:36:20,422 mqtt_client Connection error: timed out
INFO 2026-08-29 12:36:21,423 mqtt_client Connecting to broker.hivemq.com:1883
ERROR 2026-08-29 12:36:31,436 mqtt_client Connection error: timed out
INFO 2026-08-29 12:36:32,437 mqtt_client Connecting to broker.hivemq.com:1883
ERROR 2026-08-29 12:36:42,468 mqtt_client Connection error: timed out
INFO 2026-08-29 12:36:43,470 mqtt_client Connecting to broker.hivemq.com:1883
ERROR 2026-08-29 12:36:53,485 mqtt_client Connection error: timed out
INFO 2026-08-29 12:36:54,486 mqtt_client Connecting to broker.hivemq.com:1883
ERROR 2026-08-29 12:37:04,505 mqtt_client Connection error: timed out
INFO 2026-08-29 12:37:05,506 mqtt_client Connecting to broker.hivemq.com:1883
ERROR 2026-08-29 12:37:15,522 mqtt_client Connection error: timed out
INFO 2026-08-29 12:37:16,523 mqtt_client Connecting to broker.hivemq.com:1883
ERROR 2026-08-29 12:37:26,535 mqtt_client Connection error: timed out
INFO 2026-08-29 12:37:27,536 mqtt_client Connecting to broker.hivemq.com:1883
ERROR 2026-08-29 12:37:37,553 mqtt_client Connection error: timed out
INFO 2026-08-29 12:37:38,553 mqtt_client Connecting to broker.hivemq.com:1883
ERROR 2026-08-29 12:37:48,573 mqtt_client Connection error: timed out
INFO 2026-08-29 12:37:49,574 mqtt_client Connecting to broker.hivemq.com:1883
ERROR 2026-08-29 12:37:59,587 mqtt_client Connection error: timed out
INFO 2026-08-29 12:38:00,588 mqtt_client Connecting to broker.hivemq.com:1883
ERROR 2026-08-29 12:38:10,607 mqtt_client Connection error: timed out
INFO 2026-08-29 12:38:11,609 mqtt_client Connecting to broker.hivemq.com:1883
ERROR 2026-08-29 12:38:21,633 mqtt_client Connection error: timed out
INFO 2026-08-29 12:38:22,634 mqtt_client Connecting to broker.hivemq.com:1883
ERROR 2026-08-29 12:38:32,657 mqtt_client Connection error: timed out
INFO 2026-08-29 12:38:33,659 mqtt_client Connecting to broker.hivemq.com:1883
ERROR 2026-08-29 12:38:43,669 mqtt_client Connection error: timed out
INFO 2026-08-29 12:38:44,671 mqtt_client Connecting to broker.hivemq.com:1883
ERROR 2026-08-29 12:38:54,679 mqtt_client Connection error: timed out
INFO 2026-08-29 12:38:55,680 mqtt_client Connecting to broker.hivemq.com:1883
ERROR 2026-08-29 12:39:05,702 mqtt_client Connection error: timed out
INFO 2026-08-29 12:39:06,704 mqtt_client Connecting to broker.hivemq.com:1883
ERROR 2026-08-29 12:39:16,718 mqtt_client Connection error: timed out
INFO 2026-08-29 12:39:17,719 mqtt_client Connecting to broker.hivemq.com:1883
ERROR 2026-08-29 12:39:27,721 mqtt_client Connection error: timed out
INFO 2026-08-29 12:39:28,722 mqtt_client Connecting to broker.hivemq.com:1883
ERROR 2026-08-29 12:39:38,738 mqtt_client Connection error: timed out
INFO 2026-08-29 12:39:39,739 mqtt_client Connecting to broker.hivemq.com:1883
ERROR 2026-08-29 12:39:49,787 mqtt_client Connection error: timed out
INFO 2026-08-29 12:39:50,788 mqtt_client Connecting to broker.hivemq.com:1883
ERROR 2026-08-29 12:40:00,804 mqtt_client Connection error: timed out
INFO 2026-08-29 12:40:01,805 mqtt_client Connecting to broker.hivemq.com:1883
ERROR 2026-08-29 12:40:11,818 mqtt_client Connection error: timed out
INFO 2026-08-29 12:40:12,819 mqtt_client Connecting to broker.hivemq.com:1883
ERROR 2026-08-29 12:40:22,835 mqtt_client Connection error: timed out
INFO 2026-08-29 12:40:23,836 mqtt_client Connecting to broker.hivemq.com:1883
ERROR 2026-08-29 12:40:33,852 mqtt_client Connection error: timed out
INFO 2026-08-29 12:40:34,853 mqtt_client Connecting to broker.hivemq.com:1883
ERROR 2026-08-29 12:40:44,868 mqtt_client Connection error: timed out
INFO 2026-08-29 12:40:45,870 mqtt_client Connecting to broker.hivemq.com:1883
ERROR 2026-08-29 12:40:55,919 mqtt_client Connection error: timed out
INFO 2026-08-29 12:40:56,920 mqtt_client Connecting to broker.hivemq.com:1883
ERROR 2026-08-29 12:41:06,949 mqtt_client Connection error: timed out
INFO 2026-08-29 12:41:07,950 mqtt_client Connecting to broker.hivemq.com:1883
ERROR 2026-08-29 12:41:17,954 mqtt_client Connection error: timed out
INFO 2026-08-29 12:41:18,955 mqtt_client Connecting to broker.hivemq.com:1883
ERROR 2026-08-29 12:41:28,968 mqtt_client Connection error: timed out
INFO 2026-08-29 12:41:29,969 mqtt_client Connecting to broker.hivemq.com:1883
ERROR 2026-08-29 12:41:39,987 mqtt_client Connection error: timed out
INFO 2026-08-29 12:41:40,988 mqtt_client Connecting to broker.hivemq.com:1883
ERROR 2026-08-29 12:41:51,004 mqtt_client Connection error: timed out
INFO 2026-08-29 12:41:52,005 mqtt_client Connecting to broker.hivemq.com:1883
ERROR 2026-08-29 12:42:02,137 mqtt_client Connection error: timed out
INFO 2026-08-29 12:42:03,137 mqtt_client Connecting to broker.hivemq.com:1883
ERROR 2026-08-29 12:42:13,156 mqtt_client Connection error: timed out
INFO 2026-08-29 12:42:14,157 mqtt_client Connecting to broker.hivemq.com:1883
ERROR 2026-08-29 12:42:24,166 mqtt_client Connection error: timed out
INFO 2026-08-29 12:42:25,169 mqtt_client Connecting to broker.hivemq.com:1883
ERROR 2026-08-29 12:42:35,190 mqtt_client Connection error: timed out
INFO 2026-08-29 12:42:36,192 mqtt_client Connecting to broker.hivemq.com:1883
ERROR 2026-08-29 12:42:46,209 mqtt_client Connection error: timed out
INFO 2026-08-29 12:42:47,210 mqtt_client Connecting to broker.hivemq.com:1883
ERROR 2026-08-29 12:42:57,232 mqtt_client Connection error: timed out
INFO 2026-08-29 12:42:58,233 mqtt_client Connecting to broker.hivemq.com:1883
ERROR 2026-08-29 12:43:08,601 mqtt_client Connection error: timed out
INFO 2026-08-29 12:43:09,602 mqtt_client Connecting to broker.hivemq.com:1883
ERROR 2026-08-29 12:43:19,611 mqtt_client Connection error: timed out
INFO 2026-08-29 12:43:20,613 mqtt_client Connecting to broker.hivemq.com:1883
ERROR 2026-08-29 12:43:30,618 mqtt_client Connection error: timed out
INFO 2026-08-29 12:43:31,619 mqtt_client Connecting to broker.hivemq.com:1883
ERROR 2026-08-29 12:43:41,627 mqtt_client Connection error: timed out
INFO 2026-08-29 12:43:42,629 mqtt_client Connecting to broker.hivemq.com:1883
ERROR 2026-08-29 12:43:52,650 mqtt_client Connection error: timed out
INFO 2026-08-29 12:43:53,651 mqtt_client Connecting to broker.hivemq.com:1883
ERROR 2026-08-29 12:44:03,678 mqtt_client Connection error: timed out
INFO 2026-08-29 12:44:04,679 mqtt_client Connecting to broker.hivemq.com:1883
ERROR 2026-08-29 12:44:14,694 mqtt_client Connection error: timed out
INFO 2026-08-29 12:44:15,697 mqtt_client Connecting to broker.hivemq.com:1883
ERROR 2026-08-29 12:44:25,709 mqtt_client Connection error: timed out
INFO 2026-08-29 12:44:26,710 mqtt_client Connecting to broker.hivemq.com:1883
ERROR 2026-08-29 12:44:36,726 mqtt_client Connection error: timed out
INFO 2026-08-29 12:44:37,727 mqtt_client Connecting to broker.hivemq.com:1883
ERROR 2026-08-29 12:44:47,737 mqtt_client Connection error: timed out
INFO 2026-08-29 12:44:48,738 mqtt_client Connecting to broker.hivemq.com:1883
ERROR 2026-08-29 12:44:58,755 mqtt_client Connection error: timed out
INFO 2026-08-29 12:44:59,757 mqtt_client Connecting to broker.hivemq.com:1883
ERROR 2026-08-29 12:45:09,774 mqtt_client Connection error: timed out
INFO 2026-08-29 12:45:10,776 mqtt_client Connecting to broker.hivemq.com:1883
ERROR 2026-08-29 12:45:20,849 mqtt_client Connection error: timed out
INFO 2026-08-29 12:45:21,851 mqtt_client Connecting to broker.hivemq.com:1883
ERROR 2026-08-29 12:45:31,858 mqtt_client Connection error: timed out
INFO 2026-08-29 12:45:32,860 mqtt_client Connecting to broker.hivemq.com:1883
ERROR 2026-08-29 12:45:42,890 mqtt_client Connection error: timed out
INFO 2026-08-29 12:45:43,892 mqtt_client Connecting to broker.hivemq.com:1883
ERROR 2026-08-29 12:45:53,900 mqtt_client Connection error: timed out
INFO 2026-08-29 12:45:54,901 mqtt_client Connecting to broker.hivemq.com:1883
ERROR 2026-08-29 12:46:04,910 mqtt_client Connection error: timed out
INFO 2026-08-29 12:46:05,912 mqtt_client Connecting to broker.hivemq.com:1883
ERROR 2026-08-29 12:46:15,935 mqtt_client Connection error: timed out
INFO 2026-08-29 12:46:16,936 mqtt_client Connecting to broker.hivemq.com:1883
ERROR 2026-08-29 12:46:26,958 mqtt_client Connection error: timed out
INFO 2026-08-29 12:46:27,959 mqtt_client Connecting to broker.hivemq.com:1883
ERROR 2026-08-29 12:46:37,968 mqtt_client Connection error: timed out
INFO 2026-08-29 12:46:38,969 mqtt_client Connecting to broker.hivemq.com:1883
ERROR 2026-08-29 12:46:48,983 mqtt_client Connection error: timed out
INFO 2026-08-29 12:46:49,985 mqtt_client Connecting to broker.hivemq.com:1883
ERROR 2026-08-29 12:46:59,994 mqtt_client Connection error: timed out
INFO 2026-08-29 12:47:00,996 mqtt_client Connecting to broker.hivemq.com:1883
ERROR 2026-08-29 12:47:11,009 mqtt_client Connection error: timed out
INFO 2026-08-29 12:47:12,011 mqtt_client Connecting to broker.hivemq.com:1883
ERROR 2026-08-29 12:47:22,025 mqtt_client Connection error: timed out
INFO 2026-08-29 12:47:23,026 mqtt_client Connecting to broker.hivemq.com:1883
ERROR 2026-08-29 12:47:33,043 mqtt_client Connection error: timed out
INFO 2026-08-29 12:47:34,044 mqtt_client Connecting to broker.hivemq.com:1883
ERROR 2026-08-29 12:47:44,067 mqtt_client Connection error: timed out
INFO 2026-08-29 12:47:45,069 mqtt_client Connecting to broker.hivemq.com:1883
ERROR 2026-08-29 12:47:55,079 mqtt_client Connection error: timed out
INFO 2026-08-29 12:47:56,080 mqtt_client Connecting to broker.hivemq.com:1883
ERROR 2026-08-29 12:48:06,102 mqtt_client Connection error: timed out
INFO 2026-08-29 12:48:07,104 mqtt_client Connecting to broker.hivemq.com:1883
ERROR 2026-08-29 12:48:17,110 mqtt_client Connection error: timed out
INFO 2026-08-29 12:48:18,112 mqtt_client Connecting to broker.hivemq.com:1883
ERROR 2026-08-29 12:48:28,133 mqtt_client Connection error: timed out
INFO 2026-08-29 12:48:29,138 mqtt_client Connecting to broker.hivemq.com:1883
ERROR 2026-08-29 12:48:39,334 mqtt_client Connection error: timed out
INFO 2026-08-29 12:48:40,337 mqtt_client Connecting to broker.hivemq.com:1883
ERROR 2026-08-29 12:48:50,351 mqtt_client Connection error: timed out
INFO 2026-08-29 12:48:51,353 mqtt_client Connecting to broker.hivemq.com:1883
ERROR 2026-08-29 12:49:01,383 mqtt_client Connection error: timed out
INFO 2026-08-29 12:49:02,385 mqtt_client Connecting to broker.hivemq.com:1883
ERROR 2026-08-29 12:49:12,416 mqtt_client Connection error: timed out
INFO 2026-08-29 12:49:13,418 mqtt_client Connecting to broker.hivemq.com:1883
ERROR 2026-08-29 12:49:23,449 mqtt_client Connection error: timed out
INFO 2026-08-29 12:49:24,451 mqtt_client Connecting to broker.hivemq.com:1883
ERROR 2026-08-29 12:49:34,474 mqtt_client Connection error: timed out
INFO 2026-08-29 12:49:35,476 mqtt_client Connecting to broker.hivemq.com:1883
ERROR 2026-08-29 12:49:45,534 mqtt_client Connection error: timed out
INFO 2026-08-29 12:49:46,535 mqtt_client Connecting to broker.hivemq.com:1883
ERROR 2026-08-29 12:49:56,565 mqtt_client Connection error: timed out
INFO 2026-08-29 12:49:57,566 mqtt_client Connecting to broker.hivemq.com:1883
ERROR 2026-08-29 12:50:07,583 mqtt_client Connection error: timed out
INFO 2026-08-29 12:50:08,585 mqtt_client Connecting to broker.hivemq.com:1883
ERROR 2026-08-29 12:50:18,601 mqtt_client Connection error: timed out
INFO 2026-08-29 12:50:19,602 mqtt_client Connecting to broker.hivemq.com:1883
ERROR 2026-08-29 12:50:29,617 mqtt_client Connection error: timed out
INFO 2026-08-29 12:50:30,618 mqtt_client Connecting to broker.hivemq.com:1883
ERROR 2026-08-29 12:50:40,634 mqtt_client Connection error: timed out
INFO 2026-08-29 12:50:41,635 mqtt_client Connecting to broker.hivemq.com:1883
ERROR 2026-08-29 12:50:51,649 mqtt_client Connection error: timed out
INFO 2026-08-29 12:50:52,651 mqtt_client Connecting to broker.hivemq.com:1883
ERROR 2026-08-29 12:51:02,667 mqtt_client Connection error: timed out
INFO 2026-08-29 12:51:03,669 mqtt_client Connecting to broker.hivemq.com:1883
ERROR 2026-08-29 12:51:13,687 mqtt_client Connection error: timed out
INFO 2026-08-29 12:51:14,688 mqtt_client Connecting to broker.hivemq.com:1883
ERROR 2026-08-29 12:51:24,701 mqtt_client Connection error: timed out
INFO 2026-08-29 12:51:25,701 mqtt_client Connecting to broker.hivemq.com:1883
ERROR 2026-08-29 12:51:35,717 mqtt_client Connection error: timed out
INFO 2026-08-29 12:51:36,718 mqtt_client Connecting to broker.hivemq.com:1883
ERROR 2026-08-29 12:51:46,737 mqtt_client Connection error: timed out
INFO 2026-08-29 12:51:47,738 mqtt_client Connecting to broker.hivemq.com:1883
ERROR 2026-08-29 12:51:57,798 mqtt_client Connection error: timed out
INFO 2026-08-29 12:51:58,799 mqtt_client Connecting to broker.hivemq.com:1883
ERROR 2026-08-29 12:52:08,817 mqtt_client Connection error: timed out
INFO 2026-08-29 12:52:09,818 mqtt_client Connecting to broker.hivemq.com:1883
ERROR 2026-08-29 12:52:19,835 mqtt_client Connection error: timed out
INFO 2026-08-29 12:52:20,836 mqtt_client Connecting to broker.hivemq.com:1883
ERROR 2026-08-29 12:52:30,850 mqtt_client Connection error: timed out
INFO 2026-08-29 12:52:31,852 mqtt_client Connecting to broker.hivemq.com:1883
ERROR 2026-08-29 12:52:41,867 mqtt_client Connection error: timed out
INFO 2026-08-29 12:52:42,869 mqtt_client Connecting to broker.hivemq.com:1883
ERROR 2026-08-29 12:52:52,884 mqtt_client Connection error: timed out
INFO 2026-08-29 12:52:53,885 mqtt_client Connecting to broker.hivemq.com:1883
ERROR 2026-08-29 12:53:03,917 mqtt_client Connection error: timed out
INFO 2026-08-29 12:53:04,918 mqtt_client Connecting to broker.hivemq.com:1883
ERROR 2026-08-29 12:53:14,931 mqtt_client Connection error: timed out
INFO 2026-08-29 12:53:15,932 mqtt_client Connecting to broker.hivemq.com:1883
ERROR 2026-08-29 12:53:25,950 mqtt_client Connection error: timed out
INFO 2026-08-29 12:53:26,951 mqtt_client Connecting to broker.hivemq.com:1883
ERROR 2026-08-29 12:53:36,966 mqtt_client Connection error: timed out
INFO 2026-08-29 12:53:37,967 mqtt_client Connecting to broker.hivemq.com:1883
ERROR 2026-08-29 12:53:47,970 mqtt_client Connection error: timed out
INFO 2026-08-29 12:53:48,971 mqtt_client Connecting to broker.hivemq.com:1883
ERROR 2026-08-29 12:53:58,984 mqtt_client Connection error: timed out
INFO 2026-08-29 12:53:59,985 mqtt_client Connecting to broker.hivemq.com:1883
ERROR 2026-08-29 12:54:10,017 mqtt_client Connection error: timed out
INFO 2026-08-29 12:54:11,019 mqtt_client Connecting to broker.hivemq.com:1883
ERROR 2026-08-29 12:54:21,034 mqtt_client Connection error: timed out
INFO 2026-08-29 12:54:22,035 mqtt_client Connecting to broker.hivemq.com:1883
ERROR 2026-08-29 12:54:32,050 mqtt_client Connection error: timed out
INFO 2026-08-29 12:54:33,053 mqtt_client Connecting to broker.hivemq.com:1883
ERROR 2026-08-29 12:54:43,088 mqtt_client Connection error: timed out
INFO 2026-08-29 12:54:44,090 mqtt_client Connecting to broker.hivemq.com:1883
ERROR 2026-08-29 12:54:54,103 mqtt_client Connection error: timed out
INFO 2026-08-29 12:54:55,105 mqtt_client Connecting to broker.hivemq.com:1883
ERROR 2026-08-29 12:55:05,116 mqtt_client Connection error: timed out
INFO 2026-08-29 12:55:06,117 mqtt_client Connecting to broker.hivemq.com:1883
ERROR 2026-08-29 12:55:16,135 mqtt_client Connection error: timed out
INFO 2026-08-29 12:55:17,137 mqtt_client Connecting to broker.hivemq.com:1883
ERROR 2026-08-29 12:55:27,150 mqtt_client Connection error: timed out
INFO 2026-08-29 12:55:28,152 mqtt_client Connecting to broker.hivemq.com:1883
ERROR 2026-08-29 12:55:38,173 mqtt_client Connection error: timed out
INFO 2026-08-29 12:55:39,175 mqtt_client Connecting to broker.hivemq.com:1883
ERROR 2026-08-29 12:55:49,188 mqtt_client Connection error: timed out
INFO 2026-08-29 12:55:50,190 mqtt_client Connecting to broker.hivemq.com:1883
ERROR 2026-08-29 12:56:00,204 mqtt_client Connection error: timed out
INFO 2026-08-29 12:56:01,205 mqtt_client Connecting to broker.hivemq.com:1883
ERROR 2026-08-29 12:56:11,221 mqtt_client Connection error: timed out
INFO 2026-08-29 12:56:12,223 mqtt_client Connecting to broker.hivemq.com:1883
ERROR 2026-08-29 12:56:22,665 mqtt_client Connection error: timed out
INFO 2026-08-29 12:56:23,666 mqtt_client Connecting to broker.hivemq.com:1883
ERROR 2026-08-29 12:56:33,683 mqtt_client Connection error: timed out
INFO 2026-08-29 12:56:34,684 mqtt_client Connecting to broker.hivemq.com:1883
ERROR 2026-08-29 12:56:44,701 mqtt_client Connection error: timed out
INFO 2026-08-29 12:56:45,702 mqtt_client Connecting to broker.hivemq.com:1883
ERROR 2026-08-29 12:56:55,716 mqtt_client Connection error: timed out
INFO 2026-08-29 12:56:56,717 mqtt_client Connecting to broker.hivemq.com:1883
ERROR 2026-08-29 12:57:06,734 mqtt_client Connection error: timed out
INFO 2026-08-29 12:57:07,735 mqtt_client Connecting to broker.hivemq.com:1883
ERROR 2026-08-29 12:57:17,749 mqtt_client Connection error: timed out
INFO 2026-08-29 12:57:18,749 mqtt_client Connecting to broker.hivemq.com:1883
ERROR 2026-08-29 12:57:28,783 mqtt_client Connection error: timed out
INFO 2026-08-29 12:57:29,784 mqtt_client Connecting to broker.hivemq.com:1883
ERROR 2026-08-29 12:57:39,800 mqtt_client Connection error: timed out
INFO 2026-08-29 12:57:40,801 mqtt_client Connecting to broker.hivemq.com:1883
ERROR 2026-08-29 12:57:50,803 mqtt_client Connection error: timed out
INFO 2026-08-29 12:57:51,805 mqtt_client Connecting to broker.hivemq.com:1883
ERROR 2026-08-29 12:58:01,816 mqtt_client Connection error: timed out
INFO 2026-08-29 12:58:02,817 mqtt_client Connecting to broker.hivemq.com:1883
ERROR 2026-08-29 12:58:12,820 mqtt_client Connection error: timed out
INFO 2026-08-29 12:58:13,821 mqtt_client Connecting to broker.hivemq.com:1883
ERROR 2026-08-29 12:58:23,848 mqtt_client Connection error: timed out
INFO 2026-08-29 12:58:24,849 mqtt_client Connecting to broker.hivemq.com:1883
ERROR 2026-08-29 12:58:34,855 mqtt_client Connection error: timed out
INFO 2026-08-29 12:58:35,856 mqtt_client Connecting to broker.hivemq.com:1883
ERROR 2026-08-29 12:58:45,869 mqtt_client Connection error: timed out
INFO 2026-08-29 12:58:46,870 mqtt_client Connecting to broker.hivemq.com:1883
ERROR 2026-08-29 12:58:56,884 mqtt_client Connection error: timed out
INFO 2026-08-29 12:58:57,886 mqtt_client Connecting to broker.hivemq.com:1883
ERROR 2026-08-29 12:59:07,901 mqtt_client Connection error: timed out
INFO 2026-08-29 12:59:08,902 mqtt_client Connecting to broker.hivemq.com:1883
ERROR 2026-08-29 12:59:18,916 mqtt_client Connection error: timed out
INFO 2026-08-29 12:59:19,917 mqtt_client Connecting to broker.hivemq.com:1883
ERROR 2026-08-29 12:59:29,950 mqtt_client Connection error: timed out
INFO 2026-08-29 12:59:30,951 mqtt_client Connecting to broker.hivemq.com:1883
ERROR 2026-08-29 12:59:41,000 mqtt_client Connection error: timed out
INFO 2026-08-29 12:59:42,000 mqtt_client Connecting to broker.hivemq.com:1883
ERROR 2026-08-29 12:59:52,003 mqtt_client Connection error: timed out
INFO 2026-08-29 12:59:53,004 mqtt_client Connecting to broker.hivemq.com:1883
ERROR 2026-08-29 13:00:03,019 mqtt_client Connection error: timed out
INFO 2026-08-29 13:00:04,020 mqtt_client Connecting to broker.hivemq.com:1883
ERROR 2026-08-29 13:00:14,034 mqtt_client Connection error: timed out
INFO 2026-08-29 13:00:15,035 mqtt_client Connecting to broker.hivemq.com:1883
ERROR 2026-08-29 13:00:25,050 mqtt_client Connection error: timed out
INFO 2026-08-29 13:00:26,051 mqtt_client Connecting to broker.hivemq.com:1883
ERROR 2026-08-29 13:00:36,066 mqtt_client Connection error: timed out
INFO 2026-08-29 13:00:37,067 mqtt_client Connecting to broker.hivemq.com:1883
ERROR 2026-08-29 13:00:47,082 mqtt_client Connection error: timed out
INFO 2026-08-29 13:00:48,088 mqtt_client Connecting to broker.hivemq.com:1883
ERROR 2026-08-29 13:00:58,100 mqtt_client Connection error: timed out
INFO 2026-08-29 13:00:59,101 mqtt_client Connecting to broker.hivemq.com:1883
ERROR 2026-08-29 13:01:09,116 mqtt_client Connection error: timed out
INFO 2026-08-29 13:01:10,118 mqtt_client Connecting to broker.hivemq.com:1883
ERROR 2026-08-29 13:01:20,133 mqtt_client Connection error: timed out
INFO 2026-08-29 13:01:21,169 mqtt_client Connecting to broker.hivemq.com:1883
ERROR 2026-08-29 13:06:06,898 mqtt_client Connection error: timed out
INFO 2026-08-29 13:06:08,200 mqtt_client Connecting to broker.hivemq.com:1883
ERROR 2026-08-29 13:06:08,212 mqtt_client Connection error: [Errno 11001] getaddrinfo failed
INFO 2026-08-29 13:06:09,227 mqtt_client Connecting to broker.hivemq.com:1883
ERROR 2026-08-29 13:06:09,231 mqtt_client Connection error: [Errno 11001] getaddrinfo failed
INFO 2026-08-29 13:06:10,232 mqtt_client Connecting to broker.hivemq.com:1883
ERROR 2026-08-29 13:06:10,237 mqtt_client Connection error: [Errno 11001] getaddrinfo failed
INFO 2026-08-29 13:06:11,239 mqtt_client Connecting to broker.hivemq.com:1883
ERROR 2026-08-29 13:06:11,241 mqtt_client Connection error: [Errno 11001] getaddrinfo failed
INFO 2026-08-29 13:19:37,967 mqtt_client Connecting to broker.hivemq.com:1883
ERROR 2026-08-29 13:19:38,614 mqtt_client Connection error: [Errno 11001] getaddrinfo failed
INFO 2026-08-29 13:19:39,796 mqtt_client Connecting to broker.hivemq.com:1883
ERROR 2026-08-29 13:19:40,120 mqtt_client Connection error: [Errno 11001] getaddrinfo failed
INFO 2026-08-29 13:19:41,170 mqtt_client Connecting to broker.hivemq.com:1883
ERROR 2026-08-29 13:19:41,391 mqtt_client Connection error: [Errno 11001] getaddrinfo failed
INFO 2026-08-29 13:19:42,402 mqtt_client Connecting to broker.hivemq.com:1883
ERROR 2026-08-29 13:19:42,729 mqtt_client Connection error: [Errno 11001] getaddrinfo failed
INFO 2026-08-29 13:19:43,832 mqtt_client Connecting to broker.hivemq.com:1883
ERROR 2026-08-29 13:19:54,332 mqtt_client Connection error: timed out
INFO 2026-08-29 13:19:55,334 mqtt_client Connecting to broker.hivemq.com:1883
ERROR 2026-08-29 13:20:05,353 mqtt_client Connection error: timed out
INFO 2026-08-29 13:20:06,359 mqtt_client Connecting to broker.hivemq.com:1883
ERROR 2026-08-29 13:20:16,370 mqtt_client Connection error: timed out
INFO 2026-08-29 13:20:17,371 mqtt_client Connecting to broker.hivemq.com:1883
ERROR 2026-08-29 13:20:27,387 mqtt_client Connection error: timed out
INFO 2026-08-29 13:20:28,388 mqtt_client Connecting to broker.hivemq.com:1883
ERROR 2026-08-29 13:20:38,403 mqtt_client Connection error: timed out
INFO 2026-08-29 13:20:39,405 mqtt_client Connecting to broker.hivemq.com:1883
ERROR 2026-08-29 13:20:49,408 mqtt_client Connection error: timed out
INFO 2026-08-29 13:20:50,409 mqtt_client Connecting to broker.hivemq.com:1883
ERROR 2026-08-29 13:21:00,481 mqtt_client Connection error: timed out
INFO 2026-08-29 13:21:01,482 mqtt_client Connecting to broker.hivemq.com:1883
ERROR 2026-08-29 13:21:11,501 mqtt_client Connection error: timed out
INFO 2026-08-29 13:21:12,502 mqtt_client Connecting to broker.hivemq.com:1883
ERROR 2026-08-29 13:21:22,520 mqtt_client Connection error: timed out
INFO 2026-08-29 13:21:23,522 mqtt_client Connecting to broker.hivemq.com:1883
ERROR 2026-08-29 13:21:33,537 mqtt_client Connection error: timed out
INFO 2026-08-29 13:21:34,540 mqtt_client Connecting to broker.hivemq.com:1883
ERROR 2026-08-29 13:21:44,550 mqtt_client Connection error: timed out
INFO 2026-08-29 13:21:45,552 mqtt_client Connecting to broker.hivemq.com:1883
ERROR 2026-08-29 13:21:55,563 mqtt_client Connection error: timed out
INFO 2026-08-29 13:21:56,564 mqtt_client Connecting to broker.hivemq.com:1883
ERROR 2026-08-29 13:22:06,581 mqtt_client Connection error: timed out
INFO 2026-08-29 13:22:07,582 mqtt_client Connecting to broker.hivemq.com:1883
ERROR 2026-08-29 13:22:17,604 mqtt_client Connection error: timed out
INFO 2026-08-29 13:22:18,606 mqtt_client Connecting to broker.hivemq.com:1883
ERROR 2026-08-29 13:22:28,611 mqtt_client Connection error: timed out
INFO 2026-08-29 13:22:29,613 mqtt_client Connecting to broker.hivemq.com:1883
ERROR 2026-08-29 13:22:39,643 mqtt_client Connection error: timed out
INFO 2026-08-29 13:22:40,645 mqtt_client Connecting to broker.hivemq.com:1883
ERROR 2026-08-29 13:22:50,655 mqtt_client Connection error: timed out
INFO 2026-08-29 13:22:51,656 mqtt_client Connecting to broker.hivemq.com:1883
ERROR 2026-08-29 13:23:01,686 mqtt_client Connection error: timed out
INFO 2026-08-29 13:23:02,688 mqtt_client Connecting to broker.hivemq.com:1883
ERROR 2026-08-29 13:23:12,714 mqtt_client Connection error: timed out
INFO 2026-08-29 13:23:13,715 mqtt_client Connecting to broker.hivemq.com:1883
ERROR 2026-08-29 13:23:23,727 mqtt_client Connection error: timed out
INFO 2026-08-29 13:23:24,729 mqtt_client Connecting to broker.hivemq.com:1883
ERROR 2026-08-29 13:23:34,748 mqtt_client Connection error: timed out
INFO 2026-08-29 13:23:35,750 mqtt_client Connecting to broker.hivemq.com:1883
ERROR 2026-08-29 13:23:45,763 mqtt_client Connection error: timed out
INFO 2026-08-29 13:23:46,765 mqtt_client Connecting to broker.hivemq.com:1883
ERROR 2026-08-29 13:23:56,786 mqtt_client Connection error: timed out
INFO 2026-08-29 13:23:57,787 mqtt_client Connecting to broker.hivemq.com:1883
ERROR 2026-08-29 13:24:07,829 mqtt_client Connection error: timed out
INFO 2026-08-29 13:24:08,831 mqtt_client Connecting to broker.hivemq.com:1883
ERROR 2026-08-29 13:24:18,841 mqtt_client Connection error: timed out
INFO 2026-08-29 13:24:19,843 mqtt_client Connecting to broker.hivemq.com:1883
ERROR 2026-08-29 13:24:29,856 mqtt_client Connection error: timed out
INFO 2026-08-29 13:24:30,858 mqtt_client Connecting to broker.hivemq.com:1883
ERROR 2026-08-29 13:24:40,880 mqtt_client Connection error: timed out
INFO 2026-08-29 13:24:41,882 mqtt_client Connecting to broker.hivemq.com:1883
ERROR 2026-08-29 13:24:51,895 mqtt_client Connection error: timed out
INFO 2026-08-29 13:24:52,897 mqtt_client Connecting to broker.hivemq.com:1883
ERROR 2026-08-29 13:25:02,911 mqtt_client Connection error: timed out
INFO 2026-08-29 13:25:03,912 mqtt_client Connecting to broker.hivemq.com:1883
ERROR 2026-08-29 13:25:13,998 mqtt_client Connection error: timed out
INFO 2026-08-29 13:25:15,001 mqtt_client Connecting to broker.hivemq.com:1883
ERROR 2026-08-29 13:25:25,012 mqtt_client Connection error: timed out
INFO 2026-08-29 13:25:26,014 mqtt_client Connecting to broker.hivemq.com:1883
ERROR 2026-08-29 13:25:36,020 mqtt_client Connection error: timed out
INFO 2026-08-29 13:25:37,024 mqtt_client Connecting to broker.hivemq.com:1883
ERROR 2026-08-29 13:25:47,034 mqtt_client Connection error: timed out
INFO 2026-08-29 13:25:48,035 mqtt_client Connecting to broker.hivemq.com:1883
ERROR 2026-08-29 13:25:58,057 mqtt_client Connection error: timed out
INFO 2026-08-29 13:25:59,058 mqtt_client Connecting to broker.hivemq.com:1883
ERROR 2026-08-29 13:26:09,067 mqtt_client Connection error: timed out
INFO 2026-08-29 13:26:10,068 mqtt_client Connecting to broker.hivemq.com:1883
ERROR 2026-08-29 13:26:20,099 mqtt_client Connection error: timed out
INFO 2026-08-29 13:26:21,101 mqtt_client Connecting to broker.hivemq.com:1883
ERROR 2026-08-29 13:26:31,128 mqtt_client Connection error: timed out
INFO 2026-08-29 13:26:32,129 mqtt_client Connecting to broker.hivemq.com:1883
ERROR 2026-08-29 13:26:42,162 mqtt_client Connection error: timed out
INFO 2026-08-29 13:26:43,164 mqtt_client Connecting to broker.hivemq.com:1883
ERROR 2026-08-29 13:26:53,178 mqtt_client Connection error: timed out
INFO 2026-08-29 13:26:54,179 mqtt_client Connecting to broker.hivemq.com:1883
ERROR 2026-08-29 13:27:04,195 mqtt_client Connection error: timed out
INFO 2026-08-29 13:27:05,197 mqtt_client Connecting to broker.hivemq.com:1883
ERROR 2026-08-29 13:27:15,245 mqtt_client Connection error: timed out
INFO 2026-08-29 13:27:16,246 mqtt_client Connecting to broker.hivemq.com:1883
ERROR 2026-08-29 13:27:26,307 mqtt_client Connection error: timed out
INFO 2026-08-29 13:27:27,308 mqtt_client Connecting to broker.hivemq.com:1883
ERROR 2026-08-29 13:27:37,318 mqtt_client Connection error: timed out
INFO 2026-08-29 13:27:38,321 mqtt_client Connecting to broker.hivemq.com:1883
ERROR 2026-08-29 13:27:48,335 mqtt_client Connection error: timed out
INFO 2026-08-29 13:27:49,336 mqtt_client Connecting to broker.hivemq.com:1883
ERROR 2026-08-29 13:27:59,355 mqtt_client Connection error: timed out
INFO 2026-08-29 13:28:00,357 mqtt_client Connecting to broker.hivemq.com:1883
ERROR 2026-08-29 13:28:10,390 mqtt_client Connection error: timed out
INFO 2026-08-29 13:28:11,392 mqtt_client Connecting to broker.hivemq.com:1883
ERROR 2026-08-29 13:28:21,397 mqtt_client Connection error: timed out
INFO 2026-08-29 13:28:22,399 mqtt_client Connecting to broker.hivemq.com:1883
ERROR 2026-08-29 13:28:32,436 mqtt_client Connection error: timed out
INFO 2026-08-29 13:28:33,437 mqtt_client Connecting to broker.hivemq.com:1883
ERROR 2026-08-29 13:28:43,453 mqtt_client Connection error: timed out
INFO 2026-08-29 13:28:44,454 mqtt_client Connecting to broker.hivemq.com:1883
ERROR 2026-08-29 13:28:54,483 mqtt_client Connection error: timed out
INFO 2026-08-29 13:28:55,484 mqtt_client Connecting to broker.hivemq.com:1883
ERROR 2026-08-29 13:29:05,498 mqtt_client Connection error: timed out
INFO 2026-08-29 13:29:06,500 mqtt_client Connecting to broker.hivemq.com:1883
ERROR 2026-08-29 13:29:16,515 mqtt_client Connection error: timed out
INFO 2026-08-29 13:29:17,516 mqtt_client Connecting to broker.hivemq.com:1883
ERROR 2026-08-29 13:29:27,530 mqtt_client Connection error: timed out
INFO 2026-08-29 13:29:28,531 mqtt_client Connecting to broker.hivemq.com:1883
ERROR 2026-08-29 13:29:38,581 mqtt_client Connection error: timed out
INFO 2026-08-29 13:29:39,582 mqtt_client Connecting to broker.hivemq.com:1883
ERROR 2026-08-29 13:29:49,592 mqtt_client Connection error: timed out
INFO 2026-08-29 13:29:50,592 mqtt_client Connecting to broker.hivemq.com:1883
ERROR 2026-08-29 13:30:00,611 mqtt_client Connection error: timed out
INFO 2026-08-29 13:30:01,612 mqtt_client Connecting to broker.hivemq.com:1883
ERROR 2026-08-29 13:30:11,626 mqtt_client Connection error: timed out
INFO 2026-08-29 13:30:12,627 mqtt_client Connecting to broker.hivemq.com:1883
ERROR 2026-08-29 13:30:22,644 mqtt_client Connection error: timed out
INFO 2026-08-29 13:30:23,645 mqtt_client Connecting to broker.hivemq.com:1883
ERROR 2026-08-29 13:30:33,670 mqtt_client Connection error: timed out
INFO 2026-08-29 13:30:34,670 mqtt_client Connecting to broker.hivemq.com:1883
ERROR 2026-08-29 13:30:44,705 mqtt_client Connection error: timed out
INFO 2026-08-29 13:30:45,706 mqtt_client Connecting to broker.hivemq.com:1883
ERROR 2026-08-29 13:30:55,724 mqtt_client Connection error: timed out
INFO 2026-08-29 13:30:56,725 mqtt_client Connecting to broker.hivemq.com:1883
ERROR 2026-08-29 13:31:06,735 mqtt_client Connection error: timed out
INFO 2026-08-29 13:31:07,736 mqtt_client Connecting to broker.hivemq.com:1883
ERROR 2026-08-29 13:31:17,749 mqtt_client Connection error: timed out
INFO 2026-08-29 13:31:18,750 mqtt_client Connecting to broker.hivemq.com:1883
ERROR 2026-08-29 13:31:28,769 mqtt_client Connection error: timed out
INFO 2026-08-29 13:31:29,770 mqtt_client Connecting to broker.hivemq.com:1883
ERROR 2026-08-29 13:31:39,774 mqtt_client Connection error: timed out
INFO 2026-08-29 13:31:40,775 mqtt_client Connecting to broker.hivemq.com:1883
ERROR 2026-08-29 13:31:50,788 mqtt_client Connection error: timed out
INFO 2026-08-29 13:31:51,789 mqtt_client Connecting to broker.hivemq.com:1883
ERROR 2026-08-29 13:32:01,809 mqtt_client Connection error: timed out
INFO 2026-08-29 13:32:02,811 mqtt_client Connecting to broker.hivemq.com:1883
ERROR 2026-08-29 13:32:12,835 mqtt_client Connection error: timed out
INFO 2026-08-29 13:32:13,836 mqtt_client Connecting to broker.hivemq.com:1883
ERROR 2026-08-29 13:32:23,850 mqtt_client Connection error: timed out
INFO 2026-08-29 13:32:24,851 mqtt_client Connecting to broker.hivemq.com:1883
ERROR 2026-08-29 13:32:34,869 mqtt_client Connection error: timed out
INFO 2026-08-29 13:32:35,870 mqtt_client Connecting to broker.hivemq.com:1883
ERROR 2026-08-29 13:32:45,899 mqtt_client Connection error: timed out
INFO 2026-08-29 13:32:46,901 mqtt_client Connecting to broker.hivemq.com:1883
ERROR 2026-08-29 13:32:56,917 mqtt_client Connection error: timed out
INFO 2026-08-29 13:32:57,919 mqtt_client Connecting to broker.hivemq.com:1883
ERROR 2026-08-29 13:33:07,946 mqtt_client Connection error: timed out
INFO 2026-08-29 13:33:08,947 mqtt_client Connecting to broker.hivemq.com:1883
ERROR 2026-08-29 13:33:18,949 mqtt_client Connection error: timed out
INFO 2026-08-29 13:33:19,951 mqtt_client Connecting to broker.hivemq.com:1883
ERROR 2026-08-29 13:33:29,967 mqtt_client Connection error: timed out
INFO 2026-08-29 13:33:30,969 mqtt_client Connecting to broker.hivemq.com:1883
ERROR 2026-08-29 13:33:40,980 mqtt_client Connection error: timed out
INFO 2026-08-29 13:33:41,982 mqtt_client Connecting to broker.hivemq.com:1883
ERROR 2026-08-29 13:33:52,015 mqtt_client Connection error: timed out
INFO 2026-08-29 13:33:53,017 mqtt_client Connecting to broker.hivemq.com:1883
ERROR 2026-08-29 13:34:03,035 mqtt_client Connection error: timed out
INFO 2026-08-29 13:34:04,036 mqtt_client Connecting to broker.hivemq.com:1883
ERROR 2026-08-29 13:34:14,063 mqtt_client Connection error: timed out
INFO 2026-08-29 13:34:15,064 mqtt_client Connecting to broker.hivemq.com:1883
ERROR 2026-08-29 13:34:25,076 mqtt_client Connection error: timed out
INFO 2026-08-29 13:34:26,078 mqtt_client Connecting to broker.hivemq.com:1883
ERROR 2026-08-29 13:34:36,110 mqtt_client Connection error: timed out
INFO 2026-08-29 13:34:37,111 mqtt_client Connecting to broker.hivemq.com:1883
ERROR 2026-08-29 13:34:47,122 mqtt_client Connection error: timed out
INFO 2026-08-29 13:34:48,123 mqtt_client Connecting to broker.hivemq.com:1883
ERROR 2026-08-29 13:34:58,174 mqtt_client Connection error: timed out
INFO 2026-08-29 13:34:59,176 mqtt_client Connecting to broker.hivemq.com:1883
ERROR 2026-08-29 13:35:09,192 mqtt_client Connection error: timed out
INFO 2026-08-29 13:35:10,193 mqtt_client Connecting to broker.hivemq.com:1883
ERROR 2026-08-29 13:35:20,216 mqtt_client Connection error: timed out
INFO 2026-08-29 13:35:21,217 mqtt_client Connecting to broker.hivemq.com:1883
ERROR 2026-08-29 13:35:31,226 mqtt_client Connection error: timed out
INFO 2026-08-29 13:35:32,227 mqtt_client Connecting to broker.hivemq.com:1883
ERROR 2026-08-29 13:35:42,256 mqtt_client Connection error: timed out
INFO 2026-08-29 13:35:43,257 mqtt_client Connecting to broker.hivemq.com:1883
ERROR 2026-08-29 13:35:53,273 mqtt_client Connection error: timed out
INFO 2026-08-29 13:35:54,275 mqtt_client Connecting to broker.hivemq.com:1883
ERROR 2026-08-29 13:36:04,338 mqtt_client Connection error: timed out
INFO 2026-08-29 13:36:05,339 mqtt_client Connecting to broker.hivemq.com:1883
ERROR 2026-08-29 13:36:15,369 mqtt_client Connection error: timed out
INFO 2026-08-29 13:36:16,371 mqtt_client Connecting to broker.hivemq.com:1883
ERROR 2026-08-29 13:36:26,387 mqtt_client Connection error: timed out
INFO 2026-08-29 13:36:27,388 mqtt_client Connecting to broker.hivemq.com:1883
ERROR 2026-08-29 13:36:37,411 mqtt_client Connection error: timed out
INFO 2026-08-29 13:36:38,413 mqtt_client Connecting to broker.hivemq.com:1883
ERROR 2026-08-29 13:36:48,419 mqtt_client Connection error: timed out
INFO 2026-08-29 13:36:49,420 mqtt_client Connecting to broker.hivemq.com:1883
ERROR 2026-08-29 13:36:59,431 mqtt_client Connection error: timed out
INFO 2026-08-29 13:37:00,432 mqtt_client Connecting to broker.hivemq.com:1883
ERROR 2026-08-29 13:37:10,496 mqtt_client Connection error: timed out
INFO 2026-08-29 13:37:11,497 mqtt_client Connecting to broker.hivemq.com:1883
ERROR 2026-08-29 13:37:21,514 mqtt_client Connection error: timed out
INFO 2026-08-29 13:37:22,515 mqtt_client Connecting to broker.hivemq.com:1883
ERROR 2026-08-29 13:37:32,544 mqtt_client Connection error: timed out
INFO 2026-08-29 13:37:33,545 mqtt_client Connecting to broker.hivemq.com:1883
ERROR 2026-08-29 13:37:43,563 mqtt_client Connection error: timed out
INFO 2026-08-29 13:37:44,564 mqtt_client Connecting to broker.hivemq.com:1883
ERROR 2026-08-29 13:37:54,589 mqtt_client Connection error: timed out
INFO 2026-08-29 13:37:55,590 mqtt_client Connecting to broker.hivemq.com:1883
ERROR 2026-08-29 13:38:05,611 mqtt_client Connection error: timed out
INFO 2026-08-29 13:38:06,612 mqtt_client Connecting to broker.hivemq.com:1883
ERROR 2026-08-29 13:38:16,660 mqtt_client Connection error: timed out
INFO 2026-08-29 13:38:17,661 mqtt_client Connecting to broker.hivemq.com:1883
ERROR 2026-08-29 13:38:27,677 mqtt_client Connection error: timed out
INFO 2026-08-29 13:38:28,679 mqtt_client Connecting to broker.hivemq.com:1883
ERROR 2026-08-29 13:38:38,706 mqtt_client Connection error: timed out
INFO 2026-08-29 13:38:39,708 mqtt_client Connecting to broker.hivemq.com:1883
ERROR 2026-08-29 13:38:49,725 mqtt_client Connection error: timed out
INFO 2026-08-29 13:38:50,726 mqtt_client Connecting to broker.hivemq.com:1883
ERROR 2026-08-29 13:39:00,742 mqtt_client Connection error: timed out
INFO 2026-08-29 13:39:01,744 mqtt_client Connecting to broker.hivemq.com:1883
ERROR 2026-08-29 13:39:11,755 mqtt_client Connection error: timed out
INFO 2026-08-29 13:39:12,757 mqtt_client Connecting to broker.hivemq.com:1883
ERROR 2026-08-29 13:39:23,144 mqtt_client Connection error: timed out
INFO 2026-08-29 13:39:24,145 mqtt_client Connecting to broker.hivemq.com:1883
ERROR 2026-08-29 13:39:34,171 mqtt_client Connection error: timed out
INFO 2026-08-29 13:39:35,173 mqtt_client Connecting to broker.hivemq.com:1883
ERROR 2026-08-29 13:39:45,189 mqtt_client Connection error: timed out
INFO 2026-08-29 13:39:46,190 mqtt_client Connecting to broker.hivemq.com:1883
ERROR 2026-08-29 13:39:56,196 mqtt_client Connection error: timed out
INFO 2026-08-29 13:39:57,198 mqtt_client Connecting to broker.hivemq.com:1883
ERROR 2026-08-29 13:40:07,209 mqtt_client Connection error: timed out
INFO 2026-08-29 13:40:08,211 mqtt_client Connecting to broker.hivemq.com:1883
ERROR 2026-08-29 13:40:18,233 mqtt_client Connection error: timed out
INFO 2026-08-29 13:40:19,235 mqtt_client Connecting to broker.hivemq.com:1883
ERROR 2026-08-29 13:40:29,305 mqtt_client Connection error: timed out
INFO 2026-08-29 13:40:30,306 mqtt_client Connecting to broker.hivemq.com:1883
ERROR 2026-08-29 13:40:40,327 mqtt_client Connection error: timed out
INFO 2026-08-29 13:40:41,328 mqtt_client Connecting to broker.hivemq.com:1883
ERROR 2026-08-29 13:40:51,344 mqtt_client Connection error: timed out
INFO 2026-08-29 13:40:52,347 mqtt_client Connecting to broker.hivemq.com:1883
ERROR 2026-08-29 13:41:02,360 mqtt_client Connection error: timed out
INFO 2026-08-29 13:41:03,362 mqtt_client Connecting to broker.hivemq.com:1883
ERROR 2026-08-29 13:41:13,388 mqtt_client Connection error: timed out
INFO 2026-08-29 13:41:14,389 mqtt_client Connecting to broker.hivemq.com:1883
ERROR 2026-08-29 13:41:24,414 mqtt_client Connection error: timed out
INFO 2026-08-29 13:41:25,417 mqtt_client Connecting to broker.hivemq.com:1883
ERROR 2026-08-29 13:41:35,431 mqtt_client Connection error: timed out
INFO 2026-08-29 13:41:36,432 mqtt_client Connecting to broker.hivemq.com:1883
ERROR 2026-08-29 13:41:46,449 mqtt_client Connection error: timed out
INFO 2026-08-29 13:41:47,451 mqtt_client Connecting to broker.hivemq.com:1883
ERROR 2026-08-29 13:41:57,474 mqtt_client Connection error: timed out
INFO 2026-08-29 13:41:58,475 mqtt_client Connecting to broker.hivemq.com:1883
ERROR 2026-08-29 13:42:08,493 mqtt_client Connection error: timed out
INFO 2026-08-29 13:42:09,495 mqtt_client Connecting to broker.hivemq.com:1883
ERROR 2026-08-29 13:42:19,501 mqtt_client Connection error: timed out
INFO 2026-08-29 13:42:20,503 mqtt_client Connecting to broker.hivemq.com:1883
ERROR 2026-08-29 13:42:30,549 mqtt_client Connection error: timed out
INFO 2026-08-29 13:42:31,550 mqtt_client Connecting to broker.hivemq.com:1883
ERROR 2026-08-29 13:42:41,590 mqtt_client Connection error: timed out
INFO 2026-08-29 13:42:42,592 mqtt_client Connecting to broker.hivemq.com:1883
ERROR 2026-08-29 13:42:52,600 mqtt_client Connection error: timed out
INFO 2026-08-29 13:42:53,602 mqtt_client Connecting to broker.hivemq.com:1883
ERROR 2026-08-29 13:43:03,632 mqtt_client Connection error: timed out
INFO 2026-08-29 13:43:04,634 mqtt_client Connecting to broker.hivemq.com:1883
ERROR 2026-08-29 13:43:14,649 mqtt_client Connection error: timed out
INFO 2026-08-29 13:43:15,651 mqtt_client Connecting to broker.hivemq.com:1883
ERROR 2026-08-29 13:43:25,678 mqtt_client Connection error: timed out
INFO 2026-08-29 13:43:26,681 mqtt_client Connecting to broker.hivemq.com:1883
ERROR 2026-08-29 13:43:36,745 mqtt_client Connection error: timed out
INFO 2026-08-29 13:43:37,746 mqtt_client Connecting to broker.hivemq.com:1883
ERROR 2026-08-29 13:43:47,760 mqtt_client Connection error: timed out
INFO 2026-08-29 13:43:48,762 mqtt_client Connecting to broker.hivemq.com:1883
ERROR 2026-08-29 13:43:58,774 mqtt_client Connection error: timed out
INFO 2026-08-29 13:43:59,775 mqtt_client Connecting to broker.hivemq.com:1883
ERROR 2026-08-29 13:44:09,790 mqtt_client Connection error: timed out
INFO 2026-08-29 13:44:10,792 mqtt_client Connecting to broker.hivemq.com:1883
ERROR 2026-08-29 13:44:20,816 mqtt_client Connection error: timed out
INFO 2026-08-29 13:44:21,818 mqtt_client Connecting to broker.hivemq.com:1883
ERROR 2026-08-29 13:44:31,841 mqtt_client Connection error: timed out
INFO 2026-08-29 13:44:32,843 mqtt_client Connecting to broker.hivemq.com:1883
ERROR 2026-08-29 13:44:42,899 mqtt_client Connection error: timed out
INFO 2026-08-29 13:44:43,901 mqtt_client Connecting to broker.hivemq.com:1883
ERROR 2026-08-29 13:44:53,906 mqtt_client Connection error: timed out
INFO 2026-08-29 13:44:54,908 mqtt_client Connecting to broker.hivemq.com:1883
ERROR 2026-08-29 13:45:04,923 mqtt_client Connection error: timed out
INFO 2026-08-29 13:45:05,924 mqtt_client Connecting to broker.hivemq.com:1883
ERROR 2026-08-29 13:45:15,938 mqtt_client Connection error: timed out
INFO 2026-08-29 13:45:16,940 mqtt_client Connecting to broker.hivemq.com:1883
ERROR 2026-08-29 13:45:26,966 mqtt_client Connection error: timed out
INFO 2026-08-29 13:45:27,968 mqtt_client Connecting to broker.hivemq.com:1883
ERROR 2026-08-29 13:45:37,983 mqtt_client Connection error: timed out
INFO 2026-08-29 13:45:38,985 mqtt_client Connecting to broker.hivemq.com:1883
ERROR 2026-08-29 13:45:48,998 mqtt_client Connection error: timed out
INFO 2026-08-29 13:45:50,001 mqtt_client Connecting to broker.hivemq.com:1883
ERROR 2026-08-29 13:46:00,013 mqtt_client Connection error: timed out
INFO 2026-08-29 13:46:01,015 mqtt_client Connecting to broker.hivemq.com:1883
ERROR 2026-08-29 13:46:11,030 mqtt_client Connection error: timed out
INFO 2026-08-29 13:46:12,032 mqtt_client Connecting to broker.hivemq.com:1883
ERROR 2026-08-29 13:46:22,052 mqtt_client Connection error: timed out
INFO 2026-08-29 13:46:23,054 mqtt_client Connecting to broker.hivemq.com:1883
ERROR 2026-08-29 13:46:33,070 mqtt_client Connection error: timed out
INFO 2026-08-29 13:46:34,073 mqtt_client Connecting to broker.hivemq.com:1883
ERROR 2026-08-29 13:46:44,097 mqtt_client Connection error: timed out
INFO 2026-08-29 13:46:45,099 mqtt_client Connecting to broker.hivemq.com:1883
ERROR 2026-08-29 13:46:55,110 mqtt_client Connection error: timed out
INFO 2026-08-29 13:46:56,112 mqtt_client Connecting to broker.hivemq.com:1883
ERROR 2026-08-29 13:47:06,131 mqtt_client Connection error: timed out
INFO 2026-08-29 13:47:07,133 mqtt_client Connecting to broker.hivemq.com:1883
ERROR 2026-08-29 13:47:17,160 mqtt_client Connection error: timed out
INFO 2026-08-29 13:47:18,162 mqtt_client Connecting to broker.hivemq.com:1883
ERROR 2026-08-29 13:47:28,194 mqtt_client Connection error: timed out
INFO 2026-08-29 13:47:29,199 mqtt_client Connecting to broker.hivemq.com:1883
ERROR 2026-08-29 13:47:39,224 mqtt_client Connection error: timed out
INFO 2026-08-29 13:47:40,226 mqtt_client Connecting to broker.hivemq.com:1883
ERROR 2026-08-29 13:47:50,268 mqtt_client Connection error: timed out
INFO 2026-08-29 13:47:51,270 mqtt_client Connecting to broker.hivemq.com:1883
ERROR 2026-08-29 13:48:01,297 mqtt_client Connection error: timed out
INFO 2026-08-29 13:48:02,298 mqtt_client Connecting to broker.hivemq.com:1883
ERROR 2026-08-29 13:48:12,305 mqtt_client Connection error: timed out
INFO 2026-08-29 13:48:13,306 mqtt_client Connecting to broker.hivemq.com:1883
ERROR 2026-08-29 13:48:23,332 mqtt_client Connection error: timed out
INFO 2026-08-29 13:48:24,334 mqtt_client Connecting to broker.hivemq.com:1883
ERROR 2026-08-29 13:48:34,358 mqtt_client Connection error: timed out
INFO 2026-08-29 13:48:35,359 mqtt_client Connecting to broker.hivemq.com:1883
ERROR 2026-08-29 13:48:45,373 mqtt_client Connection error: timed out
INFO 2026-08-29 13:48:46,375 mqtt_client Connecting to broker.hivemq.com:1883
ERROR 2026-08-29 13:48:56,403 mqtt_client Connection error: timed out
INFO 2026-08-29 13:48:57,405 mqtt_client Connecting to broker.hivemq.com:1883
ERROR 2026-08-29 13:49:07,431 mqtt_client Connection error: timed out
INFO 2026-08-29 13:49:08,433 mqtt_client Connecting to broker.hivemq.com:1883
ERROR 2026-08-29 13:49:18,443 mqtt_client Connection error: timed out
INFO 2026-08-29 13:49:19,445 mqtt_client Connecting to broker.hivemq.com:1883
ERROR 2026-08-29 13:49:29,465 mqtt_client Connection error: timed out
INFO 2026-08-29 13:49:30,467 mqtt_client Connecting to broker.hivemq.com:1883
ERROR 2026-08-29 13:49:40,486 mqtt_client Connection error: timed out
INFO 2026-08-29 13:49:41,486 mqtt_client Connecting to broker.hivemq.com:1883
ERROR 2026-08-29 13:49:51,513 mqtt_client Connection error: timed out
INFO 2026-08-29 13:49:52,514 mqtt_client Connecting to broker.hivemq.com:1883
ERROR 2026-08-29 13:50:02,539 mqtt_client Connection error: timed out
INFO 2026-08-29 13:50:03,541 mqtt_client Connecting to broker.hivemq.com:1883
ERROR 2026-08-29 13:50:13,562 mqtt_client Connection error: timed out
INFO 2026-08-29 13:50:14,563 mqtt_client Connecting to broker.hivemq.com:1883
ERROR 2026-08-29 13:50:24,577 mqtt_client Connection error: timed out
INFO 2026-08-29 13:50:25,578 mqtt_client Connecting to broker.hivemq.com:1883
ERROR 2026-08-29 13:50:35,598 mqtt_client Connection error: timed out
INFO 2026-08-29 13:50:36,599 mqtt_client Connecting to broker.hivemq.com:1883
ERROR 2026-08-29 13:50:46,615 mqtt_client Connection error: timed out
INFO 2026-08-29 13:50:47,617 mqtt_client Connecting to broker.hivemq.com:1883
ERROR 2026-08-29 13:50:57,634 mqtt_client Connection error: timed out
INFO 2026-08-29 13:50:58,635 mqtt_client Connecting to broker.hivemq.com:1883
ERROR 2026-08-29 13:51:08,672 mqtt_client Connection error: timed out
INFO 2026-08-29 13:51:09,672 mqtt_client Connecting to broker.hivemq.com:1883
ERROR 2026-08-29 13:51:19,688 mqtt_client Connection error: timed out
INFO 2026-08-29 13:51:20,690 mqtt_client Connecting to broker.hivemq.com:1883
ERROR 2026-08-29 13:51:30,717 mqtt_client Connection error: timed out
INFO 2026-08-29 13:51:31,718 mqtt_client Connecting to broker.hivemq.com:1883
ERROR 2026-08-29 13:51:41,744 mqtt_client Connection error: timed out
INFO 2026-08-29 13:51:42,745 mqtt_client Connecting to broker.hivemq.com:1883
ERROR 2026-08-29 13:51:52,762 mqtt_client Connection error: timed out
INFO 2026-08-29 13:51:53,763 mqtt_client Connecting to broker.hivemq.com:1883
ERROR 2026-08-29 13:52:03,776 mqtt_client Connection error: timed out
INFO 2026-08-29 13:52:04,777 mqtt_client Connecting to broker.hivemq.com:1883
ERROR 2026-08-29 13:52:14,833 mqtt_client Connection error: timed out
INFO 2026-08-29 13:52:15,835 mqtt_client Connecting to broker.hivemq.com:1883
ERROR 2026-08-29 13:52:25,864 mqtt_client Connection error: timed out
INFO 2026-08-29 13:52:26,866 mqtt_client Connecting to broker.hivemq.com:1883
ERROR 2026-08-29 13:52:36,896 mqtt_client Connection error: timed out
INFO 2026-08-29 13:52:37,897 mqtt_client Connecting to broker.hivemq.com:1883
ERROR 2026-08-29 13:52:47,899 mqtt_client Connection error: timed out
INFO 2026-08-29 13:52:48,901 mqtt_client Connecting to broker.hivemq.com:1883
ERROR 2026-08-29 13:52:58,929 mqtt_client Connection error: timed out
INFO 2026-08-29 13:52:59,931 mqtt_client Connecting to broker.hivemq.com:1883
ERROR 2026-08-29 13:53:09,950 mqtt_client Connection error: timed out
INFO 2026-08-29 13:53:10,951 mqtt_client Connecting to broker.hivemq.com:1883
ERROR 2026-08-29 13:53:21,013 mqtt_client Connection error: timed out
INFO 2026-08-29 13:53:22,014 mqtt_client Connecting to broker.hivemq.com:1883
ERROR 2026-08-29 13:53:32,033 mqtt_client Connection error: timed out
INFO 2026-08-29 13:53:33,035 mqtt_client Connecting to broker.hivemq.com:1883
ERROR 2026-08-29 13:53:43,042 mqtt_client Connection error: timed out
INFO 2026-08-29 13:53:44,043 mqtt_client Connecting to broker.hivemq.com:1883
ERROR 2026-08-29 13:53:54,074 mqtt_client Connection error: timed out
INFO 2026-08-29 13:53:55,075 mqtt_client Connecting to broker.hivemq.com:1883
ERROR 2026-08-29 13:54:05,091 mqtt_client Connection error: timed out
INFO 2026-08-29 13:54:06,093 mqtt_client Connecting to broker.hivemq.com:1883
ERROR 2026-08-29 13:54:16,109 mqtt_client Connection error: timed out
INFO 2026-08-29 13:54:17,111 mqtt_client Connecting to broker.hivemq.com:1883
ERROR 2026-08-29 13:54:27,156 mqtt_client Connection error: timed out
INFO 2026-08-29 13:54:28,158 mqtt_client Connecting to broker.hivemq.com:1883
ERROR 2026-08-29 13:54:38,177 mqtt_client Connection error: timed out
INFO 2026-08-29 13:54:39,179 mqtt_client Connecting to broker.hivemq.com:1883
ERROR 2026-08-29 13:54:49,191 mqtt_client Connection error: timed out
INFO 2026-08-29 13:54:50,192 mqtt_client Connecting to broker.hivemq.com:1883
ERROR 2026-08-29 13:55:00,218 mqtt_client Connection error: timed out
INFO 2026-08-29 13:55:01,219 mqtt_client Connecting to broker.hivemq.com:1883
ERROR 2026-08-29 13:55:11,239 mqtt_client Connection error: timed out
INFO 2026-08-29 13:55:12,240 mqtt_client Connecting to broker.hivemq.com:1883
ERROR 2026-08-29 13:55:22,267 mqtt_client Connection error: timed out
INFO 2026-08-29 13:55:23,269 mqtt_client Connecting to broker.hivemq.com:1883
ERROR 2026-08-29 13:55:33,287 mqtt_client Connection error: timed out
INFO 2026-08-29 13:55:34,288 mqtt_client Connecting to broker.hivemq.com:1883
ERROR 2026-08-29 13:55:44,307 mqtt_client Connection error: timed out
INFO 2026-08-29 13:55:45,308 mqtt_client Connecting to broker.hivemq.com:1883
ERROR 2026-08-29 13:55:55,334 mqtt_client Connection error: timed out
INFO 2026-08-29 13:55:56,335 mqtt_client Connecting to broker.hivemq.com:1883
ERROR 2026-08-29 13:56:06,340 mqtt_client Connection error: timed out
INFO 2026-08-29 13:56:07,341 mqtt_client Connecting to broker.hivemq.com:1883
ERROR 2026-08-29 13:56:17,362 mqtt_client Connection error: timed out
INFO 2026-08-29 13:56:18,364 mqtt_client Connecting to broker.hivemq.com:1883
ERROR 2026-08-29 13:56:28,371 mqtt_client Connection error: timed out
INFO 2026-08-29 13:56:29,372 mqtt_client Connecting to broker.hivemq.com:1883
ERROR 2026-08-29 13:56:39,403 mqtt_client Connection error: timed out
INFO 2026-08-29 13:56:40,404 mqtt_client Connecting to broker.hivemq.com:1883
ERROR 2026-08-29 13:56:50,428 mqtt_client Connection error: timed out
INFO 2026-08-29 13:56:51,430 mqtt_client Connecting to broker.hivemq.com:1883
ERROR 2026-08-29 13:57:01,451 mqtt_client Connection error: timed out
INFO 2026-08-29 13:57:02,453 mqtt_client Connecting to broker.hivemq.com:1883
ERROR 2026-08-29 13:57:12,472 mqtt_client Connection error: timed out
INFO 2026-08-29 13:57:13,473 mqtt_client Connecting to broker.hivemq.com:1883
ERROR 2026-08-29 13:57:23,496 mqtt_client Connection error: timed out
INFO 2026-08-29 13:57:24,497 mqtt_client Connecting to broker.hivemq.com:1883
ERROR 2026-08-29 13:57:34,517 mqtt_client Connection error: timed out
INFO 2026-08-29 13:57:35,518 mqtt_client Connecting to broker.hivemq.com:1883
ERROR 2026-08-29 13:57:45,560 mqtt_client Connection error: timed out
INFO 2026-08-29 13:57:46,561 mqtt_client Connecting to broker.hivemq.com:1883
ERROR 2026-08-29 13:57:56,580 mqtt_client Connection error: timed out
INFO 2026-08-29 13:57:57,582 mqtt_client Connecting to broker.hivemq.com:1883
ERROR 2026-08-29 13:58:07,608 mqtt_client Connection error: timed out
INFO 2026-08-29 13:58:08,610 mqtt_client Connecting to broker.hivemq.com:1883
ERROR 2026-08-29 13:58:18,621 mqtt_client Connection error: timed out
INFO 2026-08-29 13:58:19,622 mqtt_client Connecting to broker.hivemq.com:1883
ERROR 2026-08-29 13:58:29,639 mqtt_client Connection error: timed out
INFO 2026-08-29 13:58:30,640 mqtt_client Connecting to broker.hivemq.com:1883
ERROR 2026-08-29 13:58:40,662 mqtt_client Connection error: timed out
INFO 2026-08-29 13:58:41,663 mqtt_client Connecting to broker.hivemq.com:1883
ERROR 2026-08-29 13:58:51,689 mqtt_client Connection error: timed out
INFO 2026-08-29 13:58:52,690 mqtt_client Connecting to broker.hivemq.com:1883
ERROR 2026-08-29 13:59:02,714 mqtt_client Connection error: timed out
INFO 2026-08-29 13:59:03,715 mqtt_client Connecting to broker.hivemq.com:1883
ERROR 2026-08-29 13:59:13,732 mqtt_client Connection error: timed out
INFO 2026-08-29 13:59:14,733 mqtt_client Connecting to broker.hivemq.com:1883
ERROR 2026-08-29 13:59:24,748 mqtt_client Connection error: timed out
INFO 2026-08-29 13:59:25,750 mqtt_client Connecting to broker.hivemq.com:1883
ERROR 2026-08-29 13:59:35,751 mqtt_client Connection error: timed out
INFO 2026-08-29 13:59:36,752 mqtt_client Connecting to broker.hivemq.com:1883
ERROR 2026-08-29 13:59:46,761 mqtt_client Connection error: timed out
INFO 2026-08-29 13:59:47,763 mqtt_client Connecting to broker.hivemq.com:1883
ERROR 2026-08-29 13:59:57,775 mqtt_client Connection error: timed out
INFO 2026-08-29 13:59:58,776 mqtt_client Connecting to broker.hivemq.com:1883
ERROR 2026-08-29 14:00:08,797 mqtt_client Connection error: timed out
INFO 2026-08-29 14:00:09,798 mqtt_client Connecting to broker.hivemq.com:1883
ERROR 2026-08-29 14:00:19,810 mqtt_client Connection error: timed out
INFO 2026-08-29 14:00:20,811 mqtt_client Connecting to broker.hivemq.com:1883
ERROR 2026-08-29 14:00:30,831 mqtt_client Connection error: timed out
INFO 2026-08-29 14:00:31,832 mqtt_client Connecting to broker.hivemq.com:1883
ERROR 2026-08-29 14:00:41,848 mqtt_client Connection error: timed out
INFO 2026-08-29 14:00:42,849 mqtt_client Connecting to broker.hivemq.com:1883
ERROR 2026-08-29 14:00:52,882 mqtt_client Connection error: timed out
INFO 2026-08-29 14:00:53,883 mqtt_client Connecting to broker.hivemq.com:1883
ERROR 2026-08-29 14:01:03,905 mqtt_client Connection error: timed out
INFO 2026-08-29 14:01:04,907 mqtt_client Connecting to broker.hivemq.com:1883
ERROR 2026-08-29 14:01:14,931 mqtt_client Connection error: timed out
INFO 2026-08-29 14:01:15,932 mqtt_client Connecting to broker.hivemq.com:1883
ERROR 2026-08-29 14:01:25,961 mqtt_client Connection error: timed out
INFO 2026-08-29 14:01:26,963 mqtt_client Connecting to broker.hivemq.com:1883
ERROR 2026-08-29 14:01:36,983 mqtt_client Connection error: timed out
INFO 2026-08-29 14:01:37,984 mqtt_client Connecting to broker.hivemq.com:1883
ERROR 2026-08-29 14:01:48,003 mqtt_client Connection error: timed out
INFO 2026-08-29 14:01:49,005 mqtt_client Connecting to broker.hivemq.com:1883
ERROR 2026-08-29 14:01:59,044 mqtt_client Connection error: timed out
INFO 2026-08-29 14:02:00,045 mqtt_client Connecting to broker.hivemq.com:1883
ERROR 2026-08-29 14:02:10,060 mqtt_client Connection error: timed out
INFO 2026-08-29 14:02:11,061 mqtt_client Connecting to broker.hivemq.com:1883
ERROR 2026-08-29 14:02:21,081 mqtt_client Connection error: timed out
INFO 2026-08-29 14:02:22,082 mqtt_client Connecting to broker.hivemq.com:1883
ERROR 2026-08-29 14:02:32,098 mqtt_client Connection error: timed out
INFO 2026-08-29 14:02:33,099 mqtt_client Connecting to broker.hivemq.com:1883
ERROR 2026-08-29 14:02:43,115 mqtt_client Connection error: timed out
INFO 2026-08-29 14:02:44,117 mqtt_client Connecting to broker.hivemq.com:1883
ERROR 2026-08-29 14:02:54,149 mqtt_client Connection error: timed out
INFO 2026-08-29 14:02:55,150 mqtt_client Connecting to broker.hivemq.com:1883
ERROR 2026-08-29 14:03:05,182 mqtt_client Connection error: timed out
INFO 2026-08-29 14:03:06,184 mqtt_client Connecting to broker.hivemq.com:1883
ERROR 2026-08-29 14:03:16,203 mqtt_client Connection error: timed out
INFO 2026-08-29 14:03:17,205 mqtt_client Connecting to broker.hivemq.com:1883
ERROR 2026-08-29 14:03:27,223 mqtt_client Connection error: timed out
INFO 2026-08-29 14:03:28,224 mqtt_client Connecting to broker.hivemq.com:1883
ERROR 2026-08-29 14:03:38,244 mqtt_client Connection error: timed out
INFO 2026-08-29 14:03:39,246 mqtt_client Connecting to broker.hivemq.com:1883
ERROR 2026-08-29 14:03:49,260 mqtt_client Connection error: timed out
INFO 2026-08-29 14:03:50,261 mqtt_client Connecting to broker.hivemq.com:1883
ERROR 2026-08-29 14:04:00,276 mqtt_client Connection error: timed out
INFO 2026-08-29 14:04:01,277 mqtt_client Connecting to broker.hivemq.com:1883
ERROR 2026-08-29 14:04:11,296 mqtt_client Connection error: timed out
INFO 2026-08-29 14:04:12,297 mqtt_client Connecting to broker.hivemq.com:1883
ERROR 2026-08-29 14:04:22,315 mqtt_client Connection error: timed out
INFO 2026-08-29 14:04:23,317 mqtt_client Connecting to broker.hivemq.com:1883
ERROR 2026-08-29 14:04:33,344 mqtt_client Connection error: timed out
INFO 2026-08-29 14:04:34,346 mqtt_client Connecting to broker.hivemq.com:1883
ERROR 2026-08-29 14:04:44,348 mqtt_client Connection error: timed out
INFO 2026-08-29 14:04:45,349 mqtt_client Connecting to broker.hivemq.com:1883
ERROR 2026-08-29 14:04:55,370 mqtt_client Connection error: timed out
INFO 2026-08-29 14:04:56,371 mqtt_client Connecting to broker.hivemq.com:1883
ERROR 2026-08-29 14:05:06,382 mqtt_client Connection error: timed out
INFO 2026-08-29 14:05:07,383 mqtt_client Connecting to broker.hivemq.com:1883
ERROR 2026-08-29 14:05:17,399 mqtt_client Connection error: timed out
INFO 2026-08-29 14:05:18,401 mqtt_client Connecting to broker.hivemq.com:1883
ERROR 2026-08-29 14:05:28,417 mqtt_client Connection error: timed out
INFO 2026-08-29 14:05:29,418 mqtt_client Connecting to broker.hivemq.com:1883
ERROR 2026-08-29 14:05:39,449 mqtt_client Connection error: timed out
INFO 2026-08-29 14:05:40,450 mqtt_client Connecting to broker.hivemq.com:1883
ERROR 2026-08-29 14:05:50,466 mqtt_client Connection error: timed out
INFO 2026-08-29 14:05:51,467 mqtt_client Connecting to broker.hivemq.com:1883
ERROR 2026-08-29 14:06:01,476 mqtt_client Connection error: timed out
INFO 2026-08-29 14:06:02,477 mqtt_client Connecting to broker.hivemq.com:1883
ERROR 2026-08-29 14:06:12,525 mqtt_client Connection error: timed out
INFO 2026-08-29 14:06:13,526 mqtt_client Connecting to broker.hivemq.com:1883
ERROR 2026-08-29 14:06:23,538 mqtt_client Connection error: timed out
INFO 2026-08-29 14:06:24,539 mqtt_client Connecting to broker.hivemq.com:1883
ERROR 2026-08-29 14:06:34,562 mqtt_client Connection error: timed out
INFO 2026-08-29 14:06:35,563 mqtt_client Connecting to broker.hivemq.com:1883
ERROR 2026-08-29 14:06:45,568 mqtt_client Connection error: timed out
INFO 2026-08-29 14:06:46,569 mqtt_client Connecting to broker.hivemq.com:1883
ERROR 2026-08-29 14:06:56,579 mqtt_client Connection error: timed out
INFO 2026-08-29 14:06:57,580 mqtt_client Connecting to broker.hivemq.com:1883
ERROR 2026-08-29 14:07:07,608 mqtt_client Connection error: timed out
INFO 2026-08-29 14:07:08,609 mqtt_client Connecting to broker.hivemq.com:1883
ERROR 2026-08-29 14:07:18,799 mqtt_client Connection error: timed out
INFO 2026-08-29 14:07:19,800 mqtt_client Connecting to broker.hivemq.com:1883
ERROR 2026-08-29 14:07:29,802 mqtt_client Connection error: timed out
INFO 2026-08-29 14:07:30,802 mqtt_client Connecting to broker.hivemq.com:1883
ERROR 2026-08-29 14:07:40,816 mqtt_client Connection error: timed out
INFO 2026-08-29 14:07:41,817 mqtt_client Connecting to broker.hivemq.com:1883
ERROR 2026-08-29 14:07:51,831 mqtt_client Connection error: timed out
INFO 2026-08-29 14:07:52,832 mqtt_client Connecting to broker.hivemq.com:1883
ERROR 2026-08-29 14:08:02,848 mqtt_client Connection error: timed out
INFO 2026-08-29 14:08:03,849 mqtt_client Connecting to broker.hivemq.com:1883
ERROR 2026-08-29 14:08:13,870 mqtt_client Connection error: timed out
INFO 2026-08-29 14:08:14,872 mqtt_client Connecting to broker.hivemq.com:1883
ERROR 2026-08-29 14:08:24,915 mqtt_client Connection error: timed out
INFO 2026-08-29 14:08:25,916 mqtt_client Connecting to broker.hivemq.com:1883
ERROR 2026-08-29 14:08:35,932 mqtt_client Connection error: timed out
INFO 2026-08-29 14:08:36,933 mqtt_client Connecting to broker.hivemq.com:1883
ERROR 2026-08-29 14:08:46,947 mqtt_client Connection error: timed out
INFO 2026-08-29 14:08:47,949 mqtt_client Connecting to broker.hivemq.com:1883
ERROR 2026-08-29 14:08:57,963 mqtt_client Connection error: timed out
INFO 2026-08-29 14:08:58,964 mqtt_client Connecting to broker.hivemq.com:1883
ERROR 2026-08-29 14:09:08,992 mqtt_client Connection error: timed out
INFO 2026-08-29 14:09:09,993 mqtt_client Connecting to broker.hivemq.com:1883
ERROR 2026-08-29 14:09:20,007 mqtt_client Connection error: timed out
INFO 2026-08-29 14:09:21,008 mqtt_client Connecting to broker.hivemq.com:1883
ERROR 2026-08-29 14:09:31,029 mqtt_client Connection error: timed out
INFO 2026-08-29 14:09:32,031 mqtt_client Connecting to broker.hivemq.com:1883
ERROR 2026-08-29 14:09:42,056 mqtt_client Connection error: timed out
INFO 2026-08-29 14:09:43,058 mqtt_client Connecting to broker.hivemq.com:1883
ERROR 2026-08-29 14:09:53,074 mqtt_client Connection error: timed out
INFO 2026-08-29 14:09:54,076 mqtt_client Connecting to broker.hivemq.com:1883
ERROR 2026-08-29 14:10:04,100 mqtt_client Connection error: timed out
INFO 2026-08-29 14:10:05,100 mqtt_client Connecting to broker.hivemq.com:1883
ERROR 2026-08-29 14:10:15,119 mqtt_client Connection error: timed out
INFO 2026-08-29 14:10:16,120 mqtt_client Connecting to broker.hivemq.com:1883
ERROR 2026-08-29 14:10:26,146 mqtt_client Connection error: timed out
INFO 2026-08-29 14:10:27,147 mqtt_client Connecting to broker.hivemq.com:1883
ERROR 2026-08-29 14:10:37,184 mqtt_client Connection error: timed out
INFO 2026-08-29 14:10:38,184 mqtt_client Connecting to broker.hivemq.com:1883
ERROR 2026-08-29 14:10:48,200 mqtt_client Connection error: timed out
INFO 2026-08-29 14:10:49,201 mqtt_client Connecting to broker.hivemq.com:1883
ERROR 2026-08-29 14:10:59,230 mqtt_client Connection error: timed out
INFO 2026-08-29 14:11:00,231 mqtt_client Connecting to broker.hivemq.com:1883
ERROR 2026-08-29 14:11:10,250 mqtt_client Connection error: timed out
INFO 2026-08-29 14:11:11,252 mqtt_client Connecting to broker.hivemq.com:1883
ERROR 2026-08-29 14:11:21,269 mqtt_client Connection error: timed out
INFO 2026-08-29 14:11:22,271 mqtt_client Connecting to broker.hivemq.com:1883
ERROR 2026-08-29 14:11:32,291 mqtt_client Connection error: timed out
INFO 2026-08-29 14:11:33,292 mqtt_client Connecting to broker.hivemq.com:1883
ERROR 2026-08-29 14:11:43,317 mqtt_client Connection error: timed out
INFO 2026-08-29 14:11:44,319 mqtt_client Connecting to broker.hivemq.com:1883
ERROR 2026-08-29 14:11:54,335 mqtt_client Connection error: timed out
INFO 2026-08-29 14:11:55,336 mqtt_client Connecting to broker.hivemq.com:1883
ERROR 2026-08-29 14:12:05,365 mqtt_client Connection error: timed out
INFO 2026-08-29 14:12:06,367 mqtt_client Connecting to broker.hivemq.com:1883
ERROR 2026-08-29 14:12:16,386 mqtt_client Connection error: timed out
INFO 2026-08-29 14:12:17,388 mqtt_client Connecting to broker.hivemq.com:1883
ERROR 2026-08-29 14:12:27,415 mqtt_client Connection error: timed out
INFO 2026-08-29 14:12:28,417 mqtt_client Connecting to broker.hivemq.com:1883
ERROR 2026-08-29 14:12:38,434 mqtt_client Connection error: timed out
INFO 2026-08-29 14:12:39,436 mqtt_client Connecting to broker.hivemq.com:1883
ERROR 2026-08-29 14:12:49,447 mqtt_client Connection error: timed out
INFO 2026-08-29 14:12:50,449 mqtt_client Connecting to broker.hivemq.com:1883
ERROR 2026-08-29 14:13:00,463 mqtt_client Connection error: timed out
INFO 2026-08-29 14:13:01,465 mqtt_client Connecting to broker.hivemq.com:1883
ERROR 2026-08-29 14:13:11,495 mqtt_client Connection error: timed out
INFO 2026-08-29 14:13:12,497 mqtt_client Connecting to broker.hivemq.com:1883
ERROR 2026-08-29 14:13:22,525 mqtt_client Connection error: timed out
INFO 2026-08-29 14:13:23,526 mqtt_client Connecting to broker.hivemq.com:1883
ERROR 2026-08-29 14:13:33,541 mqtt_client Connection error: timed out
INFO 2026-08-29 14:13:34,542 mqtt_client Connecting to broker.hivemq.com:1883
ERROR 2026-08-29 14:13:44,563 mqtt_client Connection error: timed out
INFO 2026-08-29 14:13:45,564 mqtt_client Connecting to broker.hivemq.com:1883
ERROR 2026-08-29 14:13:55,593 mqtt_client Connection error: timed out
INFO 2026-08-29 14:13:56,595 mqtt_client Connecting to broker.hivemq.com:1883
ERROR 2026-08-29 14:14:06,612 mqtt_client Connection error: timed out
INFO 2026-08-29 14:14:07,613 mqtt_client Connecting to broker.hivemq.com:1883
ERROR 2026-08-29 14:14:17,640 mqtt_client Connection error: timed out
INFO 2026-08-29 14:14:18,641 mqtt_client Connecting to broker.hivemq.com:1883
ERROR 2026-08-29 14:14:28,643 mqtt_client Connection error: timed out
INFO 2026-08-29 14:14:29,644 mqtt_client Connecting to broker.hivemq.com:1883
ERROR 2026-08-29 14:14:39,673 mqtt_client Connection error: timed out
INFO 2026-08-29 14:14:40,675 mqtt_client Connecting to broker.hivemq.com:1883
ERROR 2026-08-29 14:14:50,773 mqtt_client Connection error: timed out
INFO 2026-08-29 14:14:51,774 mqtt_client Connecting to broker.hivemq.com:1883
ERROR 2026-08-29 14:15:01,789 mqtt_client Connection error: timed out
INFO 2026-08-29 14:15:02,790 mqtt_client Connecting to broker.hivemq.com:1883
ERROR 2026-08-29 14:15:12,814 mqtt_client Connection error: timed out
INFO 2026-08-29 14:15:13,816 mqtt_client Connecting to broker.hivemq.com:1883
ERROR 2026-08-29 14:15:23,832 mqtt_client Connection error: timed out
INFO 2026-08-29 14:15:24,833 mqtt_client Connecting to broker.hivemq.com:1883
ERROR 2026-08-29 14:15:34,865 mqtt_client Connection error: timed out
INFO 2026-08-29 14:15:35,866 mqtt_client Connecting to broker.hivemq.com:1883
ERROR 2026-08-29 14:15:45,883 mqtt_client Connection error: timed out
INFO 2026-08-29 14:15:46,885 mqtt_client Connecting to broker.hivemq.com:1883
ERROR 2026-08-29 14:15:56,930 mqtt_client Connection error: timed out
INFO 2026-08-29 14:15:57,931 mqtt_client Connecting to broker.hivemq.com:1883
ERROR 2026-08-29 14:16:07,947 mqtt_client Connection error: timed out
INFO 2026-08-29 14:16:08,948 mqtt_client Connecting to broker.hivemq.com:1883
ERROR 2026-08-29 14:16:18,977 mqtt_client Connection error: timed out
INFO 2026-08-29 14:16:19,979 mqtt_client Connecting to broker.hivemq.com:1883
ERROR 2026-08-29 14:16:29,998 mqtt_client Connection error: timed out
INFO 2026-08-29 14:16:30,998 mqtt_client Connecting to broker.hivemq.com:1883
ERROR 2026-08-29 14:16:41,010 mqtt_client Connection error: timed out
INFO 2026-08-29 14:16:42,011 mqtt_client Connecting to broker.hivemq.com:1883
ERROR 2026-08-29 14:16:52,028 mqtt_client Connection error: timed out
INFO 2026-08-29 14:16:53,029 mqtt_client Connecting to broker.hivemq.com:1883
ERROR 2026-08-29 14:17:03,091 mqtt_client Connection error: timed out
INFO 2026-08-29 14:17:04,092 mqtt_client Connecting to broker.hivemq.com:1883
ERROR 2026-08-29 14:17:14,108 mqtt_client Connection error: timed out
INFO 2026-08-29 14:17:15,110 mqtt_client Connecting to broker.hivemq.com:1883
ERROR 2026-08-29 14:17:25,139 mqtt_client Connection error: timed out
INFO 2026-08-29 14:17:26,141 mqtt_client Connecting to broker.hivemq.com:1883
ERROR 2026-08-29 14:17:36,157 mqtt_client Connection error: timed out
INFO 2026-08-29 14:17:37,159 mqtt_client Connecting to broker.hivemq.com:1883
ERROR 2026-08-29 14:17:47,172 mqtt_client Connection error: timed out
INFO 2026-08-29 14:17:48,174 mqtt_client Connecting to broker.hivemq.com:1883
ERROR 2026-08-29 14:17:58,189 mqtt_client Connection error: timed out
INFO 2026-08-29 14:17:59,191 mqtt_client Connecting to broker.hivemq.com:1883
ERROR 2026-08-29 14:18:09,236 mqtt_client Connection error: timed out
INFO 2026-08-29 14:18:10,238 mqtt_client Connecting to broker.hivemq.com:1883
ERROR 2026-08-29 14:18:20,258 mqtt_client Connection error: timed out
INFO 2026-08-29 14:18:21,260 mqtt_client Connecting to broker.hivemq.com:1883
ERROR 2026-08-29 14:18:31,284 mqtt_client Connection error: timed out
INFO 2026-08-29 14:18:32,285 mqtt_client Connecting to broker.hivemq.com:1883
ERROR 2026-08-29 14:18:42,302 mqtt_client Connection error: timed out
INFO 2026-08-29 14:18:43,304 mqtt_client Connecting to broker.hivemq.com:1883
ERROR 2026-08-29 14:18:53,332 mqtt_client Connection error: timed out
INFO 2026-08-29 14:18:54,333 mqtt_client Connecting to broker.hivemq.com:1883
ERROR 2026-08-29 14:19:04,355 mqtt_client Connection error: timed out
INFO 2026-08-29 14:19:05,356 mqtt_client Connecting to broker.hivemq.com:1883
ERROR 2026-08-29 14:19:15,397 mqtt_client Connection error: timed out
INFO 2026-08-29 14:19:16,399 mqtt_client Connecting to broker.hivemq.com:1883
ERROR 2026-08-29 14:19:26,417 mqtt_client Connection error: timed out
INFO 2026-08-29 14:19:27,419 mqtt_client Connecting to broker.hivemq.com:1883
ERROR 2026-08-29 14:19:37,444 mqtt_client Connection error: timed out
INFO 2026-08-29 14:19:38,446 mqtt_client Connecting to broker.hivemq.com:1883
ERROR 2026-08-29 14:19:48,422 mqtt_client Connection error: [WinError 10051] A socket operation was attempted to an unreachable network
INFO 2026-08-29 14:19:49,427 mqtt_client Connecting to broker.hivemq.com:1883
ERROR 2026-08-29 14:19:49,427 mqtt_client Connection error: [Errno 11001] getaddrinfo failed
INFO 2026-08-29 14:19:50,429 mqtt_client Connecting to broker.hivemq.com:1883
ERROR 2026-08-29 14:19:50,429 mqtt_client Connection error: [Errno 11001] getaddrinfo failed
INFO 2026-08-29 14:19:51,432 mqtt_client Connecting to broker.hivemq.com:1883
ERROR 2026-08-29 14:19:51,432 mqtt_client Connection error: [Errno 11001] getaddrinfo failed
INFO 2026-08-29 14:19:52,434 mqtt_client Connecting to broker.hivemq.com:1883
ERROR 2026-08-29 14:19:52,434 mqtt_client Connection error: [Errno 11001] getaddrinfo failed
INFO 2026-08-29 14:27:22,663 mqtt_client Connecting to broker.hivemq.com:1883
ERROR 2026-08-29 14:27:22,705 mqtt_client Connection error: [Errno 11001] getaddrinfo failed
INFO 2026-08-29 14:27:23,762 mqtt_client Connecting to broker.hivemq.com:1883
ERROR 2026-08-29 14:27:23,768 mqtt_client Connection error: [Errno 11001] getaddrinfo failed
INFO 2026-08-29 14:27:24,775 mqtt_client Connecting to broker.hivemq.com:1883
ERROR 2026-08-29 14:27:34,920 mqtt_client Connection error: timed out
INFO 2026-08-29 14:27:35,922 mqtt_client Connecting to broker.hivemq.com:1883
ERROR 2026-08-29 14:27:45,938 mqtt_client Connection error: timed out
INFO 2026-08-29 14:27:46,939 mqtt_client Connecting to broker.hivemq.com:1883
ERROR 2026-08-29 14:27:56,968 mqtt_client Connection error: timed out
INFO 2026-08-29 14:27:57,969 mqtt_client Connecting to broker.hivemq.com:1883
ERROR 2026-08-29 14:28:07,980 mqtt_client Connection error: timed out
INFO 2026-08-29 14:28:08,981 mqtt_client Connecting to broker.hivemq.com:1883
ERROR 2026-08-29 14:28:19,000 mqtt_client Connection error: timed out
INFO 2026-08-29 14:28:20,001 mqtt_client Connecting to broker.hivemq.com:1883
ERROR 2026-08-29 14:28:30,022 mqtt_client Connection error: timed out
INFO 2026-08-29 14:28:31,023 mqtt_client Connecting to broker.hivemq.com:1883
ERROR 2026-08-29 14:28:44,886 mqtt_client Connection error: timed out
INFO 2026-08-29 14:28:45,887 mqtt_client Connecting to broker.hivemq.com:1883
ERROR 2026-08-29 14:28:55,905 mqtt_client Connection error: timed out
INFO 2026-08-29 14:28:56,906 mqtt_client Connecting to broker.hivemq.com:1883
ERROR 2026-08-29 14:29:06,917 mqtt_client Connection error: timed out
INFO 2026-08-29 14:29:07,918 mqtt_client Connecting to broker.hivemq.com:1883
ERROR 2026-08-29 14:29:17,940 mqtt_client Connection error: timed out
INFO 2026-08-29 14:29:18,941 mqtt_client Connecting to broker.hivemq.com:1883
ERROR 2026-08-29 14:29:28,962 mqtt_client Connection error: timed out
INFO 2026-08-29 14:29:29,964 mqtt_client Connecting to broker.hivemq.com:1883
ERROR 2026-08-29 14:29:39,983 mqtt_client Connection error: timed out
INFO 2026-08-29 14:29:40,984 mqtt_client Connecting to broker.hivemq.com:1883
ERROR 2026-08-29 14:29:51,001 mqtt_client Connection error: timed out
INFO 2026-08-29 14:29:52,002 mqtt_client Connecting to broker.hivemq.com:1883
ERROR 2026-08-29 14:30:02,016 mqtt_client Connection error: timed out
INFO 2026-08-29 14:30:03,031 mqtt_client Connecting to broker.hivemq.com:1883
ERROR 2026-08-29 14:30:13,053 mqtt_client Connection error: timed out
INFO 2026-08-29 14:30:14,054 mqtt_client Connecting to broker.hivemq.com:1883
ERROR 2026-08-29 14:30:24,078 mqtt_client Connection error: timed out
INFO 2026-08-29 14:30:25,080 mqtt_client Connecting to broker.hivemq.com:1883
ERROR 2026-08-29 14:30:35,103 mqtt_client Connection error: timed out
INFO 2026-08-29 14:30:36,104 mqtt_client Connecting to broker.hivemq.com:1883
ERROR 2026-08-29 14:30:46,133 mqtt_client Connection error: timed out
INFO 2026-08-29 14:30:47,134 mqtt_client Connecting to broker.hivemq.com:1883
ERROR 2026-08-29 14:30:57,157 mqtt_client Connection error: timed out
INFO 2026-08-29 14:30:58,159 mqtt_client Connecting to broker.hivemq.com:1883
ERROR 2026-08-29 14:31:08,180 mqtt_client Connection error: timed out
INFO 2026-08-29 14:31:09,181 mqtt_client Connecting to broker.hivemq.com:1883
ERROR 2026-08-29 14:31:19,190 mqtt_client Connection error: timed out
INFO 2026-08-29 14:31:20,191 mqtt_client Connecting to broker.hivemq.com:1883
ERROR 2026-08-29 14:31:30,210 mqtt_client Connection error: timed out
INFO 2026-08-29 14:31:31,212 mqtt_client Connecting to broker.hivemq.com:1883
ERROR 2026-08-29 14:31:41,235 mqtt_client Connection error: timed out
INFO 2026-08-29 14:31:42,236 mqtt_client Connecting to broker.hivemq.com:1883
ERROR 2026-08-29 14:31:52,303 mqtt_client Connection error: timed out
INFO 2026-08-29 14:31:53,304 mqtt_client Connecting to broker.hivemq.com:1883
ERROR 2026-08-29 14:32:03,321 mqtt_client Connection error: timed out
INFO 2026-08-29 14:32:04,322 mqtt_client Connecting to broker.hivemq.com:1883
ERROR 2026-08-29 14:32:14,336 mqtt_client Connection error: timed out
INFO 2026-08-29 14:32:15,337 mqtt_client Connecting to broker.hivemq.com:1883
ERROR 2026-08-29 14:32:25,358 mqtt_client Connection error: timed out
INFO 2026-08-29 14:32:26,359 mqtt_client Connecting to broker.hivemq.com:1883
ERROR 2026-08-29 14:32:36,383 mqtt_client Connection error: timed out
INFO 2026-08-29 14:32:37,384 mqtt_client Connecting to broker.hivemq.com:1883
ERROR 2026-08-29 14:32:47,421 mqtt_client Connection error: timed out
INFO 2026-08-29 14:32:48,422 mqtt_client Connecting to broker.hivemq.com:1883
ERROR 2026-08-29 14:32:58,886 mqtt_client Connection error: timed out
INFO 2026-08-29 14:32:59,887 mqtt_client Connecting to broker.hivemq.com:1883
ERROR 2026-08-29 14:33:09,925 mqtt_client Connection error: timed out
INFO 2026-08-29 14:33:10,926 mqtt_client Connecting to broker.hivemq.com:1883
ERROR 2026-08-29 14:33:20,931 mqtt_client Connection error: timed out
INFO 2026-08-29 14:33:21,932 mqtt_client Connecting to broker.hivemq.com:1883
ERROR 2026-08-29 14:33:31,936 mqtt_client Connection error: timed out
INFO 2026-08-29 14:33:32,938 mqtt_client Connecting to broker.hivemq.com:1883
ERROR 2026-08-29 14:33:42,965 mqtt_client Connection error: timed out
INFO 2026-08-29 14:33:43,966 mqtt_client Connecting to broker.hivemq.com:1883
ERROR 2026-08-29 14:33:53,968 mqtt_client Connection error: timed out
INFO 2026-08-29 14:33:54,970 mqtt_client Connecting to broker.hivemq.com:1883
ERROR 2026-08-29 14:34:05,024 mqtt_client Connection error: timed out
INFO 2026-08-29 14:34:06,026 mqtt_client Connecting to broker.hivemq.com:1883
ERROR 2026-08-29 14:34:16,047 mqtt_client Connection error: timed out
INFO 2026-08-29 14:34:17,048 mqtt_client Connecting to broker.hivemq.com:1883
ERROR 2026-08-29 14:34:27,060 mqtt_client Connection error: timed out
INFO 2026-08-29 14:34:28,061 mqtt_client Connecting to broker.hivemq.com:1883
ERROR 2026-08-29 14:34:38,091 mqtt_client Connection error: timed out
INFO 2026-08-29 14:34:39,093 mqtt_client Connecting to broker.hivemq.com:1883
ERROR 2026-08-29 14:34:49,106 mqtt_client Connection error: timed out
INFO 2026-08-29 14:34:50,108 mqtt_client Connecting to broker.hivemq.com:1883
ERROR 2026-08-29 14:35:00,128 mqtt_client Connection error: timed out
INFO 2026-08-29 14:35:01,129 mqtt_client Connecting to broker.hivemq.com:1883
ERROR 2026-08-29 14:35:11,167 mqtt_client Connection error: timed out
INFO 2026-08-29 14:35:12,167 mqtt_client Connecting to broker.hivemq.com:1883
ERROR 2026-08-29 14:35:22,202 mqtt_client Connection error: timed out
INFO 2026-08-29 14:35:23,203 mqtt_client Connecting to broker.hivemq.com:1883
ERROR 2026-08-29 14:35:33,221 mqtt_client Connection error: timed out
INFO 2026-08-29 14:35:34,222 mqtt_client Connecting to broker.hivemq.com:1883
ERROR 2026-08-29 14:35:44,242 mqtt_client Connection error: timed out
INFO 2026-08-29 14:35:45,246 mqtt_client Connecting to broker.hivemq.com:1883
ERROR 2026-08-29 14:35:55,259 mqtt_client Connection error: timed out
INFO 2026-08-29 14:35:56,260 mqtt_client Connecting to broker.hivemq.com:1883
ERROR 2026-08-29 14:36:06,282 mqtt_client Connection error: timed out
INFO 2026-08-29 14:36:07,283 mqtt_client Connecting to broker.hivemq.com:1883
ERROR 2026-08-29 14:36:17,502 mqtt_client Connection error: timed out
INFO 2026-08-29 14:36:18,503 mqtt_client Connecting to broker.hivemq.com:1883
ERROR 2026-08-29 14:36:28,525 mqtt_client Connection error: timed out
INFO 2026-08-29 14:36:29,526 mqtt_client Connecting to broker.hivemq.com:1883
ERROR 2026-08-29 14:36:39,553 mqtt_client Connection error: timed out
INFO 2026-08-29 14:36:40,554 mqtt_client Connecting to broker.hivemq.com:1883
ERROR 2026-08-29 14:36:50,583 mqtt_client Connection error: timed out
INFO 2026-08-29 14:36:51,585 mqtt_client Connecting to broker.hivemq.com:1883
ERROR 2026-08-29 14:37:01,615 mqtt_client Connection error: timed out
INFO 2026-08-29 14:37:02,616 mqtt_client Connecting to broker.hivemq.com:1883
ERROR 2026-08-29 14:37:12,638 mqtt_client Connection error: timed out
INFO 2026-08-29 14:37:13,638 mqtt_client Connecting to broker.hivemq.com:1883
ERROR 2026-08-29 14:37:23,675 mqtt_client Connection error: timed out
INFO 2026-08-29 14:37:24,676 mqtt_client Connecting to broker.hivemq.com:1883
ERROR 2026-08-29 14:37:34,688 mqtt_client Connection error: timed out
INFO 2026-08-29 14:37:35,689 mqtt_client Connecting to broker.hivemq.com:1883
ERROR 2026-08-29 14:37:45,719 mqtt_client Connection error: timed out
INFO 2026-08-29 14:37:46,720 mqtt_client Connecting to broker.hivemq.com:1883
ERROR 2026-08-29 14:37:56,735 mqtt_client Connection error: timed out
INFO 2026-08-29 14:37:57,736 mqtt_client Connecting to broker.hivemq.com:1883
ERROR 2026-08-29 14:38:07,760 mqtt_client Connection error: timed out
INFO 2026-08-29 14:38:08,761 mqtt_client Connecting to broker.hivemq.com:1883
ERROR 2026-08-29 14:38:18,783 mqtt_client Connection error: timed out
INFO 2026-08-29 14:38:19,783 mqtt_client Connecting to broker.hivemq.com:1883
ERROR 2026-08-29 14:38:29,839 mqtt_client Connection error: timed out
INFO 2026-08-29 14:38:30,840 mqtt_client Connecting to broker.hivemq.com:1883
ERROR 2026-08-29 14:38:40,858 mqtt_client Connection error: timed out
INFO 2026-08-29 14:38:41,858 mqtt_client Connecting to broker.hivemq.com:1883
ERROR 2026-08-29 14:38:51,874 mqtt_client Connection error: timed out
INFO 2026-08-29 14:38:52,876 mqtt_client Connecting to broker.hivemq.com:1883
ERROR 2026-08-29 14:39:02,911 mqtt_client Connection error: timed out
INFO 2026-08-29 14:39:03,912 mqtt_client Connecting to broker.hivemq.com:1883
ERROR 2026-08-29 14:39:13,922 mqtt_client Connection error: timed out
INFO 2026-08-29 14:39:14,923 mqtt_client Connecting to broker.hivemq.com:1883
ERROR 2026-08-29 14:39:24,950 mqtt_client Connection error: timed out
INFO 2026-08-29 14:39:25,951 mqtt_client Connecting to broker.hivemq.com:1883
ERROR 2026-08-29 14:39:35,994 mqtt_client Connection error: timed out
INFO 2026-08-29 14:39:36,995 mqtt_client Connecting to broker.hivemq.com:1883
ERROR 2026-08-29 14:39:47,007 mqtt_client Connection error: timed out
INFO 2026-08-29 14:39:48,009 mqtt_client Connecting to broker.hivemq.com:1883
ERROR 2026-08-29 14:39:58,036 mqtt_client Connection error: timed out
INFO 2026-08-29 14:39:59,037 mqtt_client Connecting to broker.hivemq.com:1883
ERROR 2026-08-29 14:40:09,063 mqtt_client Connection error: timed out
INFO 2026-08-29 14:40:10,064 mqtt_client Connecting to broker.hivemq.com:1883
ERROR 2026-08-29 14:40:20,074 mqtt_client Connection error: timed out
INFO 2026-08-29 14:40:21,075 mqtt_client Connecting to broker.hivemq.com:1883
ERROR 2026-08-29 14:40:31,098 mqtt_client Connection error: timed out
INFO 2026-08-29 14:40:32,099 mqtt_client Connecting to broker.hivemq.com:1883
ERROR 2026-08-29 14:40:42,137 mqtt_client Connection error: timed out
INFO 2026-08-29 14:40:43,137 mqtt_client Connecting to broker.hivemq.com:1883
ERROR 2026-08-29 14:40:53,151 mqtt_client Connection error: timed out
INFO 2026-08-29 14:40:54,152 mqtt_client Connecting to broker.hivemq.com:1883
ERROR 2026-08-29 14:41:04,184 mqtt_client Connection error: timed out
INFO 2026-08-29 14:41:05,185 mqtt_client Connecting to broker.hivemq.com:1883
ERROR 2026-08-29 14:41:15,200 mqtt_client Connection error: timed out
INFO 2026-08-29 14:41:16,202 mqtt_client Connecting to broker.hivemq.com:1883
ERROR 2026-08-29 14:41:26,238 mqtt_client Connection error: timed out
INFO 2026-08-29 14:41:27,239 mqtt_client Connecting to broker.hivemq.com:1883
ERROR 2026-08-29 14:41:37,257 mqtt_client Connection error: timed out
INFO 2026-08-29 14:41:38,258 mqtt_client Connecting to broker.hivemq.com:1883
ERROR 2026-08-29 14:41:48,278 mqtt_client Connection error: timed out
INFO 2026-08-29 14:41:49,279 mqtt_client Connecting to broker.hivemq.com:1883
ERROR 2026-08-29 14:41:59,293 mqtt_client Connection error: timed out
INFO 2026-08-29 14:42:00,295 mqtt_client Connecting to broker.hivemq.com:1883
ERROR 2026-08-29 14:42:10,303 mqtt_client Connection error: timed out
INFO 2026-08-29 14:42:11,304 mqtt_client Connecting to broker.hivemq.com:1883
ERROR 2026-08-29 14:42:21,328 mqtt_client Connection error: timed out
INFO 2026-08-29 14:42:22,329 mqtt_client Connecting to broker.hivemq.com:1883
ERROR 2026-08-29 14:42:32,351 mqtt_client Connection error: timed out
INFO 2026-08-29 14:42:33,352 mqtt_client Connecting to broker.hivemq.com:1883
ERROR 2026-08-29 14:42:43,367 mqtt_client Connection error: timed out
INFO 2026-08-29 14:42:44,367 mqtt_client Connecting to broker.hivemq.com:1883
ERROR 2026-08-29 14:42:54,380 mqtt_client Connection error: timed out
INFO 2026-08-29 14:42:55,382 mqtt_client Connecting to broker.hivemq.com:1883
ERROR 2026-08-29 14:43:05,409 mqtt_client Connection error: timed out
INFO 2026-08-29 14:43:06,410 mqtt_client Connecting to broker.hivemq.com:1883
ERROR 2026-08-29 14:43:16,437 mqtt_client Connection error: timed out
INFO 2026-08-29 14:43:17,439 mqtt_client Connecting to broker.hivemq.com:1883
ERROR 2026-08-29 14:43:27,479 mqtt_client Connection error: timed out
INFO 2026-08-29 14:43:28,480 mqtt_client Connecting to broker.hivemq.com:1883
ERROR 2026-08-29 14:43:38,494 mqtt_client Connection error: timed out
INFO 2026-08-29 14:43:39,495 mqtt_client Connecting to broker.hivemq.com:1883
ERROR 2026-08-29 14:43:49,543 mqtt_client Connection error: timed out
INFO 2026-08-29 14:43:50,545 mqtt_client Connecting to broker.hivemq.com:1883
ERROR 2026-08-29 14:44:00,571 mqtt_client Connection error: timed out
INFO 2026-08-29 14:44:01,573 mqtt_client Connecting to broker.hivemq.com:1883
ERROR 2026-08-29 14:44:11,592 mqtt_client Connection error: timed out
INFO 2026-08-29 14:44:12,593 mqtt_client Connecting to broker.hivemq.com:1883
ERROR 2026-08-29 14:44:22,619 mqtt_client Connection error: timed out
INFO 2026-08-29 14:44:23,620 mqtt_client Connecting to broker.hivemq.com:1883
ERROR 2026-08-29 14:44:33,630 mqtt_client Connection error: timed out
INFO 2026-08-29 14:44:34,631 mqtt_client Connecting to broker.hivemq.com:1883
ERROR 2026-08-29 14:44:44,653 mqtt_client Connection error: timed out
INFO 2026-08-29 14:44:45,654 mqtt_client Connecting to broker.hivemq.com:1883
ERROR 2026-08-29 14:44:55,683 mqtt_client Connection error: timed out
INFO 2026-08-29 14:44:56,684 mqtt_client Connecting to broker.hivemq.com:1883
ERROR 2026-08-29 14:45:06,695 mqtt_client Connection error: timed out
INFO 2026-08-29 14:45:07,696 mqtt_client Connecting to broker.hivemq.com:1883
ERROR 2026-08-29 14:45:17,724 mqtt_client Connection error: timed out
INFO 2026-08-29 14:45:18,725 mqtt_client Connecting to broker.hivemq.com:1883
ERROR 2026-08-29 14:45:28,759 mqtt_client Connection error: timed out
INFO 2026-08-29 14:45:29,761 mqtt_client Connecting to broker.hivemq.com:1883
ERROR 2026-08-29 14:45:39,774 mqtt_client Connection error: timed out
INFO 2026-08-29 14:45:40,775 mqtt_client Connecting to broker.hivemq.com:1883
ERROR 2026-08-29 14:45:50,787 mqtt_client Connection error: timed out
INFO 2026-08-29 14:45:51,789 mqtt_client Connecting to broker.hivemq.com:1883
ERROR 2026-08-29 14:46:01,817 mqtt_client Connection error: timed out
INFO 2026-08-29 14:46:02,818 mqtt_client Connecting to broker.hivemq.com:1883
ERROR 2026-08-29 14:46:12,845 mqtt_client Connection error: timed out
INFO 2026-08-29 14:46:13,846 mqtt_client Connecting to broker.hivemq.com:1883
ERROR 2026-08-29 14:46:23,859 mqtt_client Connection error: timed out
INFO 2026-08-29 14:46:24,860 mqtt_client Connecting to broker.hivemq.com:1883
ERROR 2026-08-29 14:46:34,897 mqtt_client Connection error: timed out
INFO 2026-08-29 14:46:35,898 mqtt_client Connecting to broker.hivemq.com:1883
ERROR 2026-08-29 14:46:45,913 mqtt_client Connection error: timed out
INFO 2026-08-29 14:46:46,914 mqtt_client Connecting to broker.hivemq.com:1883
ERROR 2026-08-29 14:46:56,932 mqtt_client Connection error: timed out
INFO 2026-08-29 14:46:57,933 mqtt_client Connecting to broker.hivemq.com:1883
ERROR 2026-08-29 14:47:07,973 mqtt_client Connection error: timed out
INFO 2026-08-29 14:47:08,975 mqtt_client Connecting to broker.hivemq.com:1883
ERROR 2026-08-29 14:47:18,994 mqtt_client Connection error: timed out
INFO 2026-08-29 14:47:19,995 mqtt_client Connecting to broker.hivemq.com:1883
ERROR 2026-08-29 14:47:30,002 mqtt_client Connection error: timed out
INFO 2026-08-29 14:47:31,003 mqtt_client Connecting to broker.hivemq.com:1883
ERROR 2026-08-29 14:47:41,024 mqtt_client Connection error: timed out
INFO 2026-08-29 14:47:42,026 mqtt_client Connecting to broker.hivemq.com:1883
ERROR 2026-08-29 14:47:52,036 mqtt_client Connection error: timed out
INFO 2026-08-29 14:47:53,038 mqtt_client Connecting to broker.hivemq.com:1883
ERROR 2026-08-29 14:48:03,053 mqtt_client Connection error: timed out
INFO 2026-08-29 14:48:04,054 mqtt_client Connecting to broker.hivemq.com:1883
ERROR 2026-08-29 14:48:14,082 mqtt_client Connection error: timed out
INFO 2026-08-29 14:48:15,083 mqtt_client Connecting to broker.hivemq.com:1883
ERROR 2026-08-29 14:48:25,117 mqtt_client Connection error: timed out
INFO 2026-08-29 14:48:26,118 mqtt_client Connecting to broker.hivemq.com:1883
ERROR 2026-08-29 14:48:36,125 mqtt_client Connection error: timed out
INFO 2026-08-29 14:48:37,126 mqtt_client Connecting to broker.hivemq.com:1883
ERROR 2026-08-29 14:48:47,148 mqtt_client Connection error: timed out
INFO 2026-08-29 14:48:48,149 mqtt_client Connecting to broker.hivemq.com:1883
ERROR 2026-08-29 14:48:58,187 mqtt_client Connection error: timed out
INFO 2026-08-29 14:48:59,189 mqtt_client Connecting to broker.hivemq.com:1883
ERROR 2026-08-29 14:49:09,210 mqtt_client Connection error: timed out
INFO 2026-08-29 14:49:10,210 mqtt_client Connecting to broker.hivemq.com:1883
ERROR 2026-08-29 14:49:20,265 mqtt_client Connection error: timed out
INFO 2026-08-29 14:49:21,269 mqtt_client Connecting to broker.hivemq.com:1883
ERROR 2026-08-29 14:49:31,280 mqtt_client Connection error: timed out
INFO 2026-08-29 14:49:32,281 mqtt_client Connecting to broker.hivemq.com:1883
ERROR 2026-08-29 14:49:42,310 mqtt_client Connection error: timed out
INFO 2026-08-29 14:49:43,311 mqtt_client Connecting to broker.hivemq.com:1883
ERROR 2026-08-29 14:49:53,331 mqtt_client Connection error: timed out
INFO 2026-08-29 14:49:54,333 mqtt_client Connecting to broker.hivemq.com:1883
ERROR 2026-08-29 14:50:04,360 mqtt_client Connection error: timed out
INFO 2026-08-29 14:50:05,361 mqtt_client Connecting to broker.hivemq.com:1883
ERROR 2026-08-29 14:50:15,376 mqtt_client Connection error: timed out
INFO 2026-08-29 14:50:16,377 mqtt_client Connecting to broker.hivemq.com:1883
ERROR 2026-08-29 14:50:26,416 mqtt_client Connection error: timed out
INFO 2026-08-29 14:50:27,418 mqtt_client Connecting to broker.hivemq.com:1883
ERROR 2026-08-29 14:50:37,437 mqtt_client Connection error: timed out
INFO 2026-08-29 14:50:38,438 mqtt_client Connecting to broker.hivemq.com:1883
ERROR 2026-08-29 14:50:48,442 mqtt_client Connection error: timed out
INFO 2026-08-29 14:50:49,444 mqtt_client Connecting to broker.hivemq.com:1883
ERROR 2026-08-29 14:50:59,456 mqtt_client Connection error: timed out
INFO 2026-08-29 14:51:00,458 mqtt_client Connecting to broker.hivemq.com:1883
ERROR 2026-08-29 14:51:10,488 mqtt_client Connection error: timed out
INFO 2026-08-29 14:51:11,489 mqtt_client Connecting to broker.hivemq.com:1883
ERROR 2026-08-29 14:51:21,501 mqtt_client Connection error: timed out
INFO 2026-08-29 14:51:22,502 mqtt_client Connecting to broker.hivemq.com:1883
ERROR 2026-08-29 14:51:32,512 mqtt_client Connection error: timed out
INFO 2026-08-29 14:51:33,513 mqtt_client Connecting to broker.hivemq.com:1883
ERROR 2026-08-29 14:51:43,533 mqtt_client Connection error: timed out
INFO 2026-08-29 14:51:44,534 mqtt_client Connecting to broker.hivemq.com:1883
ERROR 2026-08-29 14:51:54,543 mqtt_client Connection error: timed out
INFO 2026-08-29 14:51:55,545 mqtt_client Connecting to broker.hivemq.com:1883
ERROR 2026-08-29 14:52:05,582 mqtt_client Connection error: timed out
INFO 2026-08-29 14:52:06,583 mqtt_client Connecting to broker.hivemq.com:1883
ERROR 2026-08-29 14:52:16,608 mqtt_client Connection error: timed out
INFO 2026-08-29 14:52:17,609 mqtt_client Connecting to broker.hivemq.com:1883
ERROR 2026-08-29 14:52:27,635 mqtt_client Connection error: timed out
INFO 2026-08-29 14:52:28,636 mqtt_client Connecting to broker.hivemq.com:1883
ERROR 2026-08-29 14:52:38,669 mqtt_client Connection error: timed out
INFO 2026-08-29 14:52:39,671 mqtt_client Connecting to broker.hivemq.com:1883
ERROR 2026-08-29 14:52:49,695 mqtt_client Connection error: timed out
INFO 2026-08-29 14:52:50,697 mqtt_client Connecting to broker.hivemq.com:1883
ERROR 2026-08-29 14:53:00,716 mqtt_client Connection error: timed out
INFO 2026-08-29 14:53:01,717 mqtt_client Connecting to broker.hivemq.com:1883
ERROR 2026-08-29 14:53:11,739 mqtt_client Connection error: timed out
INFO 2026-08-29 14:53:12,740 mqtt_client Connecting to broker.hivemq.com:1883
ERROR 2026-08-29 14:53:22,751 mqtt_client Connection error: timed out
INFO 2026-08-29 14:53:23,753 mqtt_client Connecting to broker.hivemq.com:1883
ERROR 2026-08-29 14:53:33,766 mqtt_client Connection error: timed out
INFO 2026-08-29 14:53:34,767 mqtt_client Connecting to broker.hivemq.com:1883
ERROR 2026-08-29 14:53:44,844 mqtt_client Connection error: timed out
INFO 2026-08-29 14:53:45,845 mqtt_client Connecting to broker.hivemq.com:1883
ERROR 2026-08-29 14:53:55,852 mqtt_client Connection error: timed out
INFO 2026-08-29 14:53:56,854 mqtt_client Connecting to broker.hivemq.com:1883
ERROR 2026-08-29 14:54:06,883 mqtt_client Connection error: timed out
INFO 2026-08-29 14:54:07,884 mqtt_client Connecting to broker.hivemq.com:1883
ERROR 2026-08-29 14:54:17,907 mqtt_client Connection error: timed out
INFO 2026-08-29 14:54:18,908 mqtt_client Connecting to broker.hivemq.com:1883
ERROR 2026-08-29 14:54:28,941 mqtt_client Connection error: timed out
INFO 2026-08-29 14:54:29,942 mqtt_client Connecting to broker.hivemq.com:1883
ERROR 2026-08-29 14:54:39,960 mqtt_client Connection error: timed out
INFO 2026-08-29 14:54:40,961 mqtt_client Connecting to broker.hivemq.com:1883
ERROR 2026-08-29 14:54:50,976 mqtt_client Connection error: timed out
INFO 2026-08-29 14:54:51,977 mqtt_client Connecting to broker.hivemq.com:1883
ERROR 2026-08-29 14:55:02,001 mqtt_client Connection error: timed out
INFO 2026-08-29 14:55:03,002 mqtt_client Connecting to broker.hivemq.com:1883
ERROR 2026-08-29 14:55:13,035 mqtt_client Connection error: timed out
INFO 2026-08-29 14:55:14,037 mqtt_client Connecting to broker.hivemq.com:1883
ERROR 2026-08-29 14:55:24,050 mqtt_client Connection error: timed out
INFO 2026-08-29 14:55:25,051 mqtt_client Connecting to broker.hivemq.com:1883
ERROR 2026-08-29 14:55:35,081 mqtt_client Connection error: timed out
INFO 2026-08-29 14:55:36,082 mqtt_client Connecting to broker.hivemq.com:1883
ERROR 2026-08-29 14:55:46,096 mqtt_client Connection error: timed out
INFO 2026-08-29 14:55:47,098 mqtt_client Connecting to broker.hivemq.com:1883
ERROR 2026-08-29 14:55:57,141 mqtt_client Connection error: timed out
INFO 2026-08-29 14:55:58,142 mqtt_client Connecting to broker.hivemq.com:1883
ERROR 2026-08-29 14:56:08,172 mqtt_client Connection error: timed out
INFO 2026-08-29 14:56:09,173 mqtt_client Connecting to broker.hivemq.com:1883
ERROR 2026-08-29 14:56:19,187 mqtt_client Connection error: timed out
INFO 2026-08-29 14:56:20,189 mqtt_client Connecting to broker.hivemq.com:1883
ERROR 2026-08-29 14:56:30,219 mqtt_client Connection error: timed out
INFO 2026-08-29 14:56:31,219 mqtt_client Connecting to broker.hivemq.com:1883
ERROR 2026-08-29 14:56:41,257 mqtt_client Connection error: timed out
INFO 2026-08-29 14:56:42,258 mqtt_client Connecting to broker.hivemq.com:1883
ERROR 2026-08-29 14:56:52,278 mqtt_client Connection error: timed out
INFO 2026-08-29 14:56:53,279 mqtt_client Connecting to broker.hivemq.com:1883
ERROR 2026-08-29 14:57:03,350 mqtt_client Connection error: timed out
INFO 2026-08-29 14:57:04,351 mqtt_client Connecting to broker.hivemq.com:1883
ERROR 2026-08-29 14:57:14,369 mqtt_client Connection error: timed out
INFO 2026-08-29 14:57:15,370 mqtt_client Connecting to broker.hivemq.com:1883
ERROR 2026-08-29 14:57:25,397 mqtt_client Connection error: timed out
INFO 2026-08-29 14:57:26,399 mqtt_client Connecting to broker.hivemq.com:1883
ERROR 2026-08-29 14:57:36,414 mqtt_client Connection error: timed out
INFO 2026-08-29 14:57:37,415 mqtt_client Connecting to broker.hivemq.com:1883
ERROR 2026-08-29 14:57:47,430 mqtt_client Connection error: timed out
INFO 2026-08-29 14:57:48,432 mqtt_client Connecting to broker.hivemq.com:1883
ERROR 2026-08-29 14:57:58,452 mqtt_client Connection error: timed out
INFO 2026-08-29 14:57:59,454 mqtt_client Connecting to broker.hivemq.com:1883
ERROR 2026-08-29 14:58:09,509 mqtt_client Connection error: timed out
INFO 2026-08-29 14:58:10,510 mqtt_client Connecting to broker.hivemq.com:1883
ERROR 2026-08-29 14:58:20,530 mqtt_client Connection error: timed out
INFO 2026-08-29 14:58:21,532 mqtt_client Connecting to broker.hivemq.com:1883
ERROR 2026-08-29 14:58:31,556 mqtt_client Connection error: timed out
INFO 2026-08-29 14:58:32,558 mqtt_client Connecting to broker.hivemq.com:1883
ERROR 2026-08-29 14:58:42,578 mqtt_client Connection error: timed out
INFO 2026-08-29 14:58:43,580 mqtt_client Connecting to broker.hivemq.com:1883
ERROR 2026-08-29 14:58:53,603 mqtt_client Connection error: timed out
INFO 2026-08-29 14:58:54,604 mqtt_client Connecting to broker.hivemq.com:1883
ERROR 2026-08-29 14:59:04,630 mqtt_client Connection error: timed out
INFO 2026-08-29 14:59:05,631 mqtt_client Connecting to broker.hivemq.com:1883
ERROR 2026-08-29 14:59:15,647 mqtt_client Connection error: timed out
INFO 2026-08-29 14:59:16,648 mqtt_client Connecting to broker.hivemq.com:1883
ERROR 2026-08-29 14:59:26,669 mqtt_client Connection error: timed out
INFO 2026-08-29 14:59:27,670 mqtt_client Connecting to broker.hivemq.com:1883
ERROR 2026-08-29 14:59:37,690 mqtt_client Connection error: timed out
INFO 2026-08-29 14:59:38,692 mqtt_client Connecting to broker.hivemq.com:1883
ERROR 2026-08-29 14:59:48,711 mqtt_client Connection error: timed out
INFO 2026-08-29 14:59:49,713 mqtt_client Connecting to broker.hivemq.com:1883
ERROR 2026-08-29 14:59:59,731 mqtt_client Connection error: timed out
INFO 2026-08-29 15:00:00,732 mqtt_client Connecting to broker.hivemq.com:1883
ERROR 2026-08-29 15:00:10,750 mqtt_client Connection error: timed out
INFO 2026-08-29 15:00:11,751 mqtt_client Connecting to broker.hivemq.com:1883
ERROR 2026-08-29 15:00:21,809 mqtt_client Connection error: timed out
INFO 2026-08-29 15:00:22,929 mqtt_client Connecting to broker.hivemq.com:1883
ERROR 2026-08-29 15:00:32,951 mqtt_client Connection error: timed out
INFO 2026-08-29 15:00:33,952 mqtt_client Connecting to broker.hivemq.com:1883
ERROR 2026-08-29 15:00:43,965 mqtt_client Connection error: timed out
INFO 2026-08-29 15:00:44,965 mqtt_client Connecting to broker.hivemq.com:1883
ERROR 2026-08-29 15:00:54,992 mqtt_client Connection error: timed out
INFO 2026-08-29 15:00:55,994 mqtt_client Connecting to broker.hivemq.com:1883
ERROR 2026-08-29 15:01:06,023 mqtt_client Connection error: timed out
INFO 2026-08-29 15:01:07,024 mqtt_client Connecting to broker.hivemq.com:1883
ERROR 2026-08-29 15:01:17,067 mqtt_client Connection error: timed out
INFO 2026-08-29 15:01:18,067 mqtt_client Connecting to broker.hivemq.com:1883
ERROR 2026-08-29 15:01:28,075 mqtt_client Connection error: timed out
INFO 2026-08-29 15:01:29,076 mqtt_client Connecting to broker.hivemq.com:1883
ERROR 2026-08-29 15:01:39,092 mqtt_client Connection error: timed out
INFO 2026-08-29 15:01:40,093 mqtt_client Connecting to broker.hivemq.com:1883
ERROR 2026-08-29 15:01:50,107 mqtt_client Connection error: timed out
INFO 2026-08-29 15:01:51,108 mqtt_client Connecting to broker.hivemq.com:1883
ERROR 2026-08-29 15:02:01,118 mqtt_client Connection error: timed out
INFO 2026-08-29 15:02:02,119 mqtt_client Connecting to broker.hivemq.com:1883
ERROR 2026-08-29 15:02:12,141 mqtt_client Connection error: timed out
INFO 2026-08-29 15:02:13,143 mqtt_client Connecting to broker.hivemq.com:1883
ERROR 2026-08-29 15:02:23,182 mqtt_client Connection error: timed out
INFO 2026-08-29 15:02:24,183 mqtt_client Connecting to broker.hivemq.com:1883
ERROR 2026-08-29 15:02:34,190 mqtt_client Connection error: timed out
INFO 2026-08-29 15:02:35,192 mqtt_client Connecting to broker.hivemq.com:1883
ERROR 2026-08-29 15:02:45,222 mqtt_client Connection error: timed out
INFO 2026-08-29 15:02:46,224 mqtt_client Connecting to broker.hivemq.com:1883
ERROR 2026-08-29 15:02:56,230 mqtt_client Connection error: timed out
INFO 2026-08-29 15:02:57,231 mqtt_client Connecting to broker.hivemq.com:1883
ERROR 2026-08-29 15:03:07,254 mqtt_client Connection error: timed out
INFO 2026-08-29 15:03:08,255 mqtt_client Connecting to broker.hivemq.com:1883
ERROR 2026-08-29 15:03:18,281 mqtt_client Connection error: timed out
INFO 2026-08-29 15:03:19,282 mqtt_client Connecting to broker.hivemq.com:1883
ERROR 2026-08-29 15:03:29,343 mqtt_client Connection error: timed out
INFO 2026-08-29 15:03:30,344 mqtt_client Connecting to broker.hivemq.com:1883
ERROR 2026-08-29 15:03:40,356 mqtt_client Connection error: timed out
INFO 2026-08-29 15:03:41,357 mqtt_client Connecting to broker.hivemq.com:1883
ERROR 2026-08-29 15:03:51,375 mqtt_client Connection error: timed out
INFO 2026-08-29 15:03:52,376 mqtt_client Connecting to broker.hivemq.com:1883
ERROR 2026-08-29 15:04:02,399 mqtt_client Connection error: timed out
INFO 2026-08-29 15:04:03,400 mqtt_client Connecting to broker.hivemq.com:1883
ERROR 2026-08-29 15:04:13,415 mqtt_client Connection error: timed out
INFO 2026-08-29 15:04:14,417 mqtt_client Connecting to broker.hivemq.com:1883
ERROR 2026-08-29 15:04:24,438 mqtt_client Connection error: timed out
INFO 2026-08-29 15:04:25,439 mqtt_client Connecting to broker.hivemq.com:1883
ERROR 2026-08-29 15:04:35,489 mqtt_client Connection error: timed out
INFO 2026-08-29 15:04:36,491 mqtt_client Connecting to broker.hivemq.com:1883
ERROR 2026-08-29 15:04:46,512 mqtt_client Connection error: timed out
INFO 2026-08-29 15:04:47,512 mqtt_client Connecting to broker.hivemq.com:1883
ERROR 2026-08-29 15:04:57,533 mqtt_client Connection error: timed out
INFO 2026-08-29 15:04:58,534 mqtt_client Connecting to broker.hivemq.com:1883
ERROR 2026-08-29 15:05:08,568 mqtt_client Connection error: timed out
INFO 2026-08-29 15:05:09,569 mqtt_client Connecting to broker.hivemq.com:1883
ERROR 2026-08-29 15:05:19,587 mqtt_client Connection error: timed out
INFO 2026-08-29 15:05:20,588 mqtt_client Connecting to broker.hivemq.com:1883
ERROR 2026-08-29 15:05:30,610 mqtt_client Connection error: timed out
INFO 2026-08-29 15:05:31,611 mqtt_client Connecting to broker.hivemq.com:1883
ERROR 2026-08-29 15:05:41,657 mqtt_client Connection error: timed out
INFO 2026-08-29 15:05:42,658 mqtt_client Connecting to broker.hivemq.com:1883
ERROR 2026-08-29 15:05:52,669 mqtt_client Connection error: timed out
INFO 2026-08-29 15:05:53,671 mqtt_client Connecting to broker.hivemq.com:1883
ERROR 2026-08-29 15:06:03,696 mqtt_client Connection error: timed out
INFO 2026-08-29 15:06:04,698 mqtt_client Connecting to broker.hivemq.com:1883
ERROR 2026-08-29 15:06:14,702 mqtt_client Connection error: timed out
INFO 2026-08-29 15:06:15,702 mqtt_client Connecting to broker.hivemq.com:1883
ERROR 2026-08-29 15:06:25,732 mqtt_client Connection error: timed out
INFO 2026-08-29 15:06:26,733 mqtt_client Connecting to broker.hivemq.com:1883
ERROR 2026-08-29 15:06:36,754 mqtt_client Connection error: timed out
INFO 2026-08-29 15:06:37,755 mqtt_client Connecting to broker.hivemq.com:1883
ERROR 2026-08-29 15:06:47,787 mqtt_client Connection error: timed out
INFO 2026-08-29 15:06:48,788 mqtt_client Connecting to broker.hivemq.com:1883
ERROR 2026-08-29 15:06:58,809 mqtt_client Connection error: timed out
INFO 2026-08-29 15:06:59,811 mqtt_client Connecting to broker.hivemq.com:1883
ERROR 2026-08-29 15:07:09,826 mqtt_client Connection error: timed out
INFO 2026-08-29 15:07:10,827 mqtt_client Connecting to broker.hivemq.com:1883
ERROR 2026-08-29 15:07:20,844 mqtt_client Connection error: timed out
INFO 2026-08-29 15:07:21,845 mqtt_client Connecting to broker.hivemq.com:1883
ERROR 2026-08-29 15:07:31,863 mqtt_client Connection error: timed out
INFO 2026-08-29 15:07:32,864 mqtt_client Connecting to broker.hivemq.com:1883
ERROR 2026-08-29 15:07:42,876 mqtt_client Connection error: timed out
INFO 2026-08-29 15:07:43,877 mqtt_client Connecting to broker.hivemq.com:1883
ERROR 2026-08-29 15:07:53,917 mqtt_client Connection error: timed out
INFO 2026-08-29 15:07:54,918 mqtt_client Connecting to broker.hivemq.com:1883
ERROR 2026-08-29 15:08:04,946 mqtt_client Connection error: timed out
INFO 2026-08-29 15:08:05,947 mqtt_client Connecting to broker.hivemq.com:1883
ERROR 2026-08-29 15:08:15,970 mqtt_client Connection error: timed out
INFO 2026-08-29 15:08:16,972 mqtt_client Connecting to broker.hivemq.com:1883
ERROR 2026-08-29 15:08:26,984 mqtt_client Connection error: timed out
INFO 2026-08-29 15:08:27,985 mqtt_client Connecting to broker.hivemq.com:1883
ERROR 2026-08-29 15:08:38,019 mqtt_client Connection error: timed out
INFO 2026-08-29 15:08:39,020 mqtt_client Connecting to broker.hivemq.com:1883
ERROR 2026-08-29 15:08:49,035 mqtt_client Connection error: timed out
INFO 2026-08-29 15:08:50,036 mqtt_client Connecting to broker.hivemq.com:1883
ERROR 2026-08-29 15:09:00,077 mqtt_client Connection error: timed out
INFO 2026-08-29 15:09:01,078 mqtt_client Connecting to broker.hivemq.com:1883
ERROR 2026-08-29 15:09:11,090 mqtt_client Connection error: timed out
INFO 2026-08-29 15:09:12,091 mqtt_client Connecting to broker.hivemq.com:1883
ERROR 2026-08-29 15:09:22,117 mqtt_client Connection error: timed out
INFO 2026-08-29 15:09:23,118 mqtt_client Connecting to broker.hivemq.com:1883
ERROR 2026-08-29 15:09:33,140 mqtt_client Connection error: timed out
INFO 2026-08-29 15:09:34,141 mqtt_client Connecting to broker.hivemq.com:1883
ERROR 2026-08-29 15:09:44,173 mqtt_client Connection error: timed out
INFO 2026-08-29 15:09:45,175 mqtt_client Connecting to broker.hivemq.com:1883
ERROR 2026-08-29 15:09:55,194 mqtt_client Connection error: timed out
INFO 2026-08-29 15:09:56,196 mqtt_client Connecting to broker.hivemq.com:1883
ERROR 2026-08-29 15:10:06,227 mqtt_client Connection error: timed out
INFO 2026-08-29 15:10:07,229 mqtt_client Connecting to broker.hivemq.com:1883
ERROR 2026-08-29 15:10:17,244 mqtt_client Connection error: timed out
INFO 2026-08-29 15:10:18,245 mqtt_client Connecting to broker.hivemq.com:1883
ERROR 2026-08-29 15:10:28,273 mqtt_client Connection error: timed out
INFO 2026-08-29 15:10:29,274 mqtt_client Connecting to broker.hivemq.com:1883
ERROR 2026-08-29 15:10:39,294 mqtt_client Connection error: timed out
INFO 2026-08-29 15:10:40,295 mqtt_client Connecting to broker.hivemq.com:1883
ERROR 2026-08-29 15:10:50,322 mqtt_client Connection error: timed out
INFO 2026-08-29 15:10:51,323 mqtt_client Connecting to broker.hivemq.com:1883
ERROR 2026-08-29 15:11:01,351 mqtt_client Connection error: timed out
INFO 2026-08-29 15:11:02,352 mqtt_client Connecting to broker.hivemq.com:1883
ERROR 2026-08-29 15:11:12,401 mqtt_client Connection error: timed out
INFO 2026-08-29 15:11:13,402 mqtt_client Connecting to broker.hivemq.com:1883
ERROR 2026-08-29 15:11:23,431 mqtt_client Connection error: timed out
INFO 2026-08-29 15:11:24,432 mqtt_client Connecting to broker.hivemq.com:1883
ERROR 2026-08-29 15:11:34,445 mqtt_client Connection error: timed out
INFO 2026-08-29 15:11:35,446 mqtt_client Connecting to broker.hivemq.com:1883
ERROR 2026-08-29 15:11:45,479 mqtt_client Connection error: timed out
INFO 2026-08-29 15:11:46,480 mqtt_client Connecting to broker.hivemq.com:1883
ERROR 2026-08-29 15:11:56,509 mqtt_client Connection error: timed out
INFO 2026-08-29 15:11:57,510 mqtt_client Connecting to broker.hivemq.com:1883
ERROR 2026-08-29 15:12:07,532 mqtt_client Connection error: timed out
INFO 2026-08-29 15:12:08,534 mqtt_client Connecting to broker.hivemq.com:1883
ERROR 2026-08-29 15:12:18,584 mqtt_client Connection error: timed out
INFO 2026-08-29 15:12:19,585 mqtt_client Connecting to broker.hivemq.com:1883
ERROR 2026-08-29 15:12:29,603 mqtt_client Connection error: timed out
INFO 2026-08-29 15:12:30,604 mqtt_client Connecting to broker.hivemq.com:1883
ERROR 2026-08-29 15:12:40,630 mqtt_client Connection error: timed out
INFO 2026-08-29 15:12:41,631 mqtt_client Connecting to broker.hivemq.com:1883
ERROR 2026-08-29 15:12:51,649 mqtt_client Connection error: timed out
INFO 2026-08-29 15:12:52,650 mqtt_client Connecting to broker.hivemq.com:1883
ERROR 2026-08-29 15:13:02,673 mqtt_client Connection error: timed out
INFO 2026-08-29 15:13:03,674 mqtt_client Connecting to broker.hivemq.com:1883
ERROR 2026-08-29 15:13:13,705 mqtt_client Connection error: timed out
INFO 2026-08-29 15:13:14,706 mqtt_client Connecting to broker.hivemq.com:1883
ERROR 2026-08-29 15:13:24,768 mqtt_client Connection error: timed out
INFO 2026-08-29 15:13:25,769 mqtt_client Connecting to broker.hivemq.com:1883
ERROR 2026-08-29 15:13:35,787 mqtt_client Connection error: timed out
INFO 2026-08-29 15:13:36,788 mqtt_client Connecting to broker.hivemq.com:1883
ERROR 2026-08-29 15:13:46,816 mqtt_client Connection error: timed out
INFO 2026-08-29 15:13:47,818 mqtt_client Connecting to broker.hivemq.com:1883
ERROR 2026-08-29 15:13:57,835 mqtt_client Connection error: timed out
INFO 2026-08-29 15:13:58,836 mqtt_client Connecting to broker.hivemq.com:1883
ERROR 2026-08-29 15:14:08,864 mqtt_client Connection error: timed out
INFO 2026-08-29 15:14:09,866 mqtt_client Connecting to broker.hivemq.com:1883
ERROR 2026-08-29 15:14:19,884 mqtt_client Connection error: timed out
INFO 2026-08-29 15:14:20,886 mqtt_client Connecting to broker.hivemq.com:1883
ERROR 2026-08-29 15:14:30,935 mqtt_client Connection error: timed out
INFO 2026-08-29 15:14:31,936 mqtt_client Connecting to broker.hivemq.com:1883
ERROR 2026-08-29 15:14:41,944 mqtt_client Connection error: timed out
INFO 2026-08-29 15:14:42,945 mqtt_client Connecting to broker.hivemq.com:1883
ERROR 2026-08-29 15:14:52,958 mqtt_client Connection error: timed out
INFO 2026-08-29 15:14:53,959 mqtt_client Connecting to broker.hivemq.com:1883
ERROR 2026-08-29 15:15:03,961 mqtt_client Connection error: timed out
INFO 2026-08-29 15:15:04,963 mqtt_client Connecting to broker.hivemq.com:1883
ERROR 2026-08-29 15:15:14,983 mqtt_client Connection error: timed out
INFO 2026-08-29 15:15:15,985 mqtt_client Connecting to broker.hivemq.com:1883
ERROR 2026-08-29 15:15:26,007 mqtt_client Connection error: timed out
INFO 2026-08-29 15:15:27,008 mqtt_client Connecting to broker.hivemq.com:1883
ERROR 2026-08-29 15:15:37,082 mqtt_client Connection error: timed out
INFO 2026-08-29 15:15:38,083 mqtt_client Connecting to broker.hivemq.com:1883
ERROR 2026-08-29 15:15:48,105 mqtt_client Connection error: timed out
INFO 2026-08-29 15:15:49,106 mqtt_client Connecting to broker.hivemq.com:1883
ERROR 2026-08-29 15:15:59,124 mqtt_client Connection error: timed out
INFO 2026-08-29 15:16:00,125 mqtt_client Connecting to broker.hivemq.com:1883
ERROR 2026-08-29 15:16:10,141 mqtt_client Connection error: timed out
INFO 2026-08-29 15:16:11,142 mqtt_client Connecting to broker.hivemq.com:1883
ERROR 2026-08-29 15:16:21,168 mqtt_client Connection error: timed out
INFO 2026-08-29 15:16:22,169 mqtt_client Connecting to broker.hivemq.com:1883
ERROR 2026-08-29 15:16:32,184 mqtt_client Connection error: timed out
INFO 2026-08-29 15:16:33,184 mqtt_client Connecting to broker.hivemq.com:1883
ERROR 2026-08-29 15:16:43,222 mqtt_client Connection error: timed out
INFO 2026-08-29 15:16:44,223 mqtt_client Connecting to broker.hivemq.com:1883
ERROR 2026-08-29 15:16:54,246 mqtt_client Connection error: timed out
INFO 2026-08-29 15:16:55,246 mqtt_client Connecting to broker.hivemq.com:1883
ERROR 2026-08-29 15:17:05,267 mqtt_client Connection error: timed out
INFO 2026-08-29 15:17:06,268 mqtt_client Connecting to broker.hivemq.com:1883
ERROR 2026-08-29 15:17:16,288 mqtt_client Connection error: timed out
INFO 2026-08-29 15:17:17,289 mqtt_client Connecting to broker.hivemq.com:1883
ERROR 2026-08-29 15:17:27,299 mqtt_client Connection error: timed out
INFO 2026-08-29 15:17:28,300 mqtt_client Connecting to broker.hivemq.com:1883
ERROR 2026-08-29 15:17:38,322 mqtt_client Connection error: timed out
INFO 2026-08-29 15:17:39,323 mqtt_client Connecting to broker.hivemq.com:1883
ERROR 2026-08-29 15:17:49,341 mqtt_client Connection error: timed out
INFO 2026-08-29 15:17:50,342 mqtt_client Connecting to broker.hivemq.com:1883
ERROR 2026-08-29 15:18:00,355 mqtt_client Connection error: timed out
INFO 2026-08-29 15:18:01,356 mqtt_client Connecting to broker.hivemq.com:1883
ERROR 2026-08-29 15:18:11,368 mqtt_client Connection error: timed out
INFO 2026-08-29 15:18:12,370 mqtt_client Connecting to broker.hivemq.com:1883
ERROR 2026-08-29 15:18:22,398 mqtt_client Connection error: timed out
INFO 2026-08-29 15:18:23,399 mqtt_client Connecting to broker.hivemq.com:1883
ERROR 2026-08-29 15:18:33,416 mqtt_client Connection error: timed out
INFO 2026-08-29 15:18:34,417 mqtt_client Connecting to broker.hivemq.com:1883
ERROR 2026-08-29 15:18:44,447 mqtt_client Connection error: timed out
INFO 2026-08-29 15:18:45,449 mqtt_client Connecting to broker.hivemq.com:1883
ERROR 2026-08-29 15:18:55,463 mqtt_client Connection error: timed out
INFO 2026-08-29 15:18:56,463 mqtt_client Connecting to broker.hivemq.com:1883
ERROR 2026-08-29 15:19:06,491 mqtt_client Connection error: timed out
INFO 2026-08-29 15:19:07,492 mqtt_client Connecting to broker.hivemq.com:1883
ERROR 2026-08-29 15:19:17,506 mqtt_client Connection error: timed out
INFO 2026-08-29 15:19:18,508 mqtt_client Connecting to broker.hivemq.com:1883
ERROR 2026-08-29 15:19:28,527 mqtt_client Connection error: timed out
INFO 2026-08-29 15:19:29,528 mqtt_client Connecting to broker.hivemq.com:1883
ERROR 2026-08-29 15:19:39,539 mqtt_client Connection error: timed out
INFO 2026-08-29 15:19:40,540 mqtt_client Connecting to broker.hivemq.com:1883
ERROR 2026-08-29 15:19:50,590 mqtt_client Connection error: timed out
INFO 2026-08-29 15:19:51,590 mqtt_client Connecting to broker.hivemq.com:1883
ERROR 2026-08-29 15:20:01,608 mqtt_client Connection error: timed out
INFO 2026-08-29 15:20:02,609 mqtt_client Connecting to broker.hivemq.com:1883
ERROR 2026-08-29 15:20:12,630 mqtt_client Connection error: timed out
INFO 2026-08-29 15:20:13,631 mqtt_client Connecting to broker.hivemq.com:1883
ERROR 2026-08-29 15:20:23,643 mqtt_client Connection error: timed out
INFO 2026-08-29 15:20:24,644 mqtt_client Connecting to broker.hivemq.com:1883
ERROR 2026-08-29 15:20:34,671 mqtt_client Connection error: timed out
INFO 2026-08-29 15:20:35,672 mqtt_client Connecting to broker.hivemq.com:1883
ERROR 2026-08-29 15:20:45,692 mqtt_client Connection error: timed out
INFO 2026-08-29 15:20:46,693 mqtt_client Connecting to broker.hivemq.com:1883
ERROR 2026-08-29 15:20:56,778 mqtt_client Connection error: timed out
INFO 2026-08-29 15:20:57,779 mqtt_client Connecting to broker.hivemq.com:1883
ERROR 2026-08-29 15:21:07,789 mqtt_client Connection error: timed out
INFO 2026-08-29 15:21:08,791 mqtt_client Connecting to broker.hivemq.com:1883
ERROR 2026-08-29 15:21:18,807 mqtt_client Connection error: timed out
INFO 2026-08-29 15:21:19,808 mqtt_client Connecting to broker.hivemq.com:1883
ERROR 2026-08-29 15:21:29,830 mqtt_client Connection error: timed out
INFO 2026-08-29 15:21:30,831 mqtt_client Connecting to broker.hivemq.com:1883
ERROR 2026-08-29 15:21:40,841 mqtt_client Connection error: timed out
INFO 2026-08-29 15:21:41,842 mqtt_client Connecting to broker.hivemq.com:1883
ERROR 2026-08-29 15:21:51,869 mqtt_client Connection error: timed out
INFO 2026-08-29 15:21:52,869 mqtt_client Connecting to broker.hivemq.com:1883
ERROR 2026-08-29 15:22:02,904 mqtt_client Connection error: timed out
INFO 2026-08-29 15:22:03,905 mqtt_client Connecting to broker.hivemq.com:1883
ERROR 2026-08-29 15:22:13,921 mqtt_client Connection error: timed out
INFO 2026-08-29 15:22:14,923 mqtt_client Connecting to broker.hivemq.com:1883
ERROR 2026-08-29 15:22:24,946 mqtt_client Connection error: timed out
INFO 2026-08-29 15:22:25,947 mqtt_client Connecting to broker.hivemq.com:1883
ERROR 2026-08-29 15:22:35,958 mqtt_client Connection error: timed out
INFO 2026-08-29 15:22:36,958 mqtt_client Connecting to broker.hivemq.com:1883
ERROR 2026-08-29 15:22:46,976 mqtt_client Connection error: timed out
INFO 2026-08-29 15:22:47,977 mqtt_client Connecting to broker.hivemq.com:1883
ERROR 2026-08-29 15:22:57,992 mqtt_client Connection error: timed out
INFO 2026-08-29 15:22:58,993 mqtt_client Connecting to broker.hivemq.com:1883
ERROR 2026-08-29 15:23:09,059 mqtt_client Connection error: timed out
INFO 2026-08-29 15:23:10,061 mqtt_client Connecting to broker.hivemq.com:1883
ERROR 2026-08-29 15:23:20,087 mqtt_client Connection error: timed out
INFO 2026-08-29 15:23:21,088 mqtt_client Connecting to broker.hivemq.com:1883
ERROR 2026-08-29 15:23:31,116 mqtt_client Connection error: timed out
INFO 2026-08-29 15:23:32,119 mqtt_client Connecting to broker.hivemq.com:1883
ERROR 2026-08-29 15:23:42,142 mqtt_client Connection error: timed out
INFO 2026-08-29 15:23:43,143 mqtt_client Connecting to broker.hivemq.com:1883
ERROR 2026-08-29 15:23:53,162 mqtt_client Connection error: timed out
INFO 2026-08-29 15:23:54,163 mqtt_client Connecting to broker.hivemq.com:1883
ERROR 2026-08-29 15:24:04,192 mqtt_client Connection error: timed out
INFO 2026-08-29 15:24:05,193 mqtt_client Connecting to broker.hivemq.com:1883
ERROR 2026-08-29 15:24:15,235 mqtt_client Connection error: timed out
INFO 2026-08-29 15:24:16,236 mqtt_client Connecting to broker.hivemq.com:1883
ERROR 2026-08-29 15:24:26,251 mqtt_client Connection error: timed out
INFO 2026-08-29 15:24:27,252 mqtt_client Connecting to broker.hivemq.com:1883
ERROR 2026-08-29 15:24:37,260 mqtt_client Connection error: timed out
INFO 2026-08-29 15:24:38,261 mqtt_client Connecting to broker.hivemq.com:1883
ERROR 2026-08-29 15:24:48,277 mqtt_client Connection error: timed out
INFO 2026-08-29 15:24:49,278 mqtt_client Connecting to broker.hivemq.com:1883
ERROR 2026-08-29 15:24:59,299 mqtt_client Connection error: timed out
INFO 2026-08-29 15:25:00,300 mqtt_client Connecting to broker.hivemq.com:1883
ERROR 2026-08-29 15:25:10,330 mqtt_client Connection error: timed out
INFO 2026-08-29 15:25:11,331 mqtt_client Connecting to broker.hivemq.com:1883
ERROR 2026-08-29 15:25:21,381 mqtt_client Connection error: timed out
INFO 2026-08-29 15:25:22,382 mqtt_client Connecting to broker.hivemq.com:1883
ERROR 2026-08-29 15:25:32,392 mqtt_client Connection error: timed out
INFO 2026-08-29 15:25:33,394 mqtt_client Connecting to broker.hivemq.com:1883
ERROR 2026-08-29 15:25:43,403 mqtt_client Connection error: timed out
INFO 2026-08-29 15:25:44,405 mqtt_client Connecting to broker.hivemq.com:1883
ERROR 2026-08-29 15:25:54,420 mqtt_client Connection error: timed out
INFO 2026-08-29 15:25:55,421 mqtt_client Connecting to broker.hivemq.com:1883
ERROR 2026-08-29 15:26:05,440 mqtt_client Connection error: timed out
INFO 2026-08-29 15:26:06,440 mqtt_client Connecting to broker.hivemq.com:1883
ERROR 2026-08-29 15:26:16,449 mqtt_client Connection error: timed out
INFO 2026-08-29 15:26:17,449 mqtt_client Connecting to broker.hivemq.com:1883
ERROR 2026-08-29 15:26:27,485 mqtt_client Connection error: timed out
INFO 2026-08-29 15:26:28,487 mqtt_client Connecting to broker.hivemq.com:1883
ERROR 2026-08-29 15:26:38,502 mqtt_client Connection error: timed out
INFO 2026-08-29 15:26:39,503 mqtt_client Connecting to broker.hivemq.com:1883
ERROR 2026-08-29 15:26:49,512 mqtt_client Connection error: timed out
INFO 2026-08-29 15:26:50,513 mqtt_client Connecting to broker.hivemq.com:1883
ERROR 2026-08-29 15:27:00,529 mqtt_client Connection error: timed out
INFO 2026-08-29 15:27:01,530 mqtt_client Connecting to broker.hivemq.com:1883
ERROR 2026-08-29 15:27:11,556 mqtt_client Connection error: timed out
INFO 2026-08-29 15:27:12,557 mqtt_client Connecting to broker.hivemq.com:1883
ERROR 2026-08-29 15:27:22,571 mqtt_client Connection error: timed out
INFO 2026-08-29 15:27:23,572 mqtt_client Connecting to broker.hivemq.com:1883
ERROR 2026-08-29 15:27:33,585 mqtt_client Connection error: timed out
INFO 2026-08-29 15:27:34,587 mqtt_client Connecting to broker.hivemq.com:1883
ERROR 2026-08-29 15:27:44,612 mqtt_client Connection error: timed out
INFO 2026-08-29 15:27:45,613 mqtt_client Connecting to broker.hivemq.com:1883
ERROR 2026-08-29 15:27:55,639 mqtt_client Connection error: timed out
INFO 2026-08-29 15:27:56,640 mqtt_client Connecting to broker.hivemq.com:1883
ERROR 2026-08-29 15:28:06,656 mqtt_client Connection error: timed out
INFO 2026-08-29 15:28:07,657 mqtt_client Connecting to broker.hivemq.com:1883
ERROR 2026-08-29 15:28:17,687 mqtt_client Connection error: timed out
INFO 2026-08-29 15:28:18,688 mqtt_client Connecting to broker.hivemq.com:1883
ERROR 2026-08-29 15:28:28,731 mqtt_client Connection error: timed out
INFO 2026-08-29 15:28:29,732 mqtt_client Connecting to broker.hivemq.com:1883
ERROR 2026-08-29 15:28:39,778 mqtt_client Connection error: timed out
INFO 2026-08-29 15:28:40,779 mqtt_client Connecting to broker.hivemq.com:1883
ERROR 2026-08-29 15:28:50,800 mqtt_client Connection error: timed out
INFO 2026-08-29 15:28:51,801 mqtt_client Connecting to broker.hivemq.com:1883
ERROR 2026-08-29 15:29:01,822 mqtt_client Connection error: timed out
INFO 2026-08-29 15:29:02,823 mqtt_client Connecting to broker.hivemq.com:1883
ERROR 2026-08-29 15:29:12,835 mqtt_client Connection error: timed out
INFO 2026-08-29 15:29:13,836 mqtt_client Connecting to broker.hivemq.com:1883
ERROR 2026-08-29 15:29:23,850 mqtt_client Connection error: timed out
INFO 2026-08-29 15:29:24,851 mqtt_client Connecting to broker.hivemq.com:1883
ERROR 2026-08-29 15:29:34,867 mqtt_client Connection error: timed out
INFO 2026-08-29 15:29:35,868 mqtt_client Connecting to broker.hivemq.com:1883
ERROR 2026-08-29 15:29:46,005 mqtt_client Connection error: timed out
INFO 2026-08-29 15:29:47,006 mqtt_client Connecting to broker.hivemq.com:1883
ERROR 2026-08-29 15:29:57,021 mqtt_client Connection error: timed out
INFO 2026-08-29 15:29:58,022 mqtt_client Connecting to broker.hivemq.com:1883
ERROR 2026-08-29 15:30:08,051 mqtt_client Connection error: timed out
INFO 2026-08-29 15:30:09,052 mqtt_client Connecting to broker.hivemq.com:1883
ERROR 2026-08-29 15:30:19,062 mqtt_client Connection error: timed out
INFO 2026-08-29 15:30:20,063 mqtt_client Connecting to broker.hivemq.com:1883
ERROR 2026-08-29 15:30:30,078 mqtt_client Connection error: timed out
INFO 2026-08-29 15:30:31,079 mqtt_client Connecting to broker.hivemq.com:1883
ERROR 2026-08-29 15:30:41,099 mqtt_client Connection error: timed out
INFO 2026-08-29 15:30:42,100 mqtt_client Connecting to broker.hivemq.com:1883
ERROR 2026-08-29 15:30:52,109 mqtt_client Connection error: timed out
INFO 2026-08-29 15:30:53,109 mqtt_client Connecting to broker.hivemq.com:1883
ERROR 2026-08-29 15:31:03,159 mqtt_client Connection error: timed out
INFO 2026-08-29 15:31:04,160 mqtt_client Connecting to broker.hivemq.com:1883
ERROR 2026-08-29 15:31:14,175 mqtt_client Connection error: timed out
INFO 2026-08-29 15:31:15,176 mqtt_client Connecting to broker.hivemq.com:1883
ERROR 2026-08-29 15:31:25,188 mqtt_client Connection error: timed out
INFO 2026-08-29 15:31:26,189 mqtt_client Connecting to broker.hivemq.com:1883
ERROR 2026-08-29 15:31:36,214 mqtt_client Connection error: timed out
INFO 2026-08-29 15:31:37,295 mqtt_client Connecting to broker.hivemq.com:1883
ERROR 2026-08-29 15:31:47,366 mqtt_client Connection error: timed out
INFO 2026-08-29 15:31:48,366 mqtt_client Connecting to broker.hivemq.com:1883
ERROR 2026-08-29 15:31:58,398 mqtt_client Connection error: timed out
INFO 2026-08-29 15:31:59,399 mqtt_client Connecting to broker.hivemq.com:1883
ERROR 2026-08-29 15:32:09,413 mqtt_client Connection error: timed out
INFO 2026-08-29 15:32:10,414 mqtt_client Connecting to broker.hivemq.com:1883
ERROR 2026-08-29 15:32:20,458 mqtt_client Connection error: timed out
INFO 2026-08-29 15:32:21,459 mqtt_client Connecting to broker.hivemq.com:1883
ERROR 2026-08-29 15:32:31,472 mqtt_client Connection error: timed out
INFO 2026-08-29 15:32:32,473 mqtt_client Connecting to broker.hivemq.com:1883
ERROR 2026-08-29 15:32:42,487 mqtt_client Connection error: timed out
INFO 2026-08-29 15:32:43,488 mqtt_client Connecting to broker.hivemq.com:1883
ERROR 2026-08-29 15:32:53,886 mqtt_client Connection error: timed out
INFO 2026-08-29 15:32:54,887 mqtt_client Connecting to broker.hivemq.com:1883
ERROR 2026-08-29 15:33:04,889 mqtt_client Connection error: timed out
INFO 2026-08-29 15:33:05,890 mqtt_client Connecting to broker.hivemq.com:1883
ERROR 2026-08-29 15:33:15,910 mqtt_client Connection error: timed out
INFO 2026-08-29 15:33:16,911 mqtt_client Connecting to broker.hivemq.com:1883
ERROR 2026-08-29 15:33:26,932 mqtt_client Connection error: timed out
INFO 2026-08-29 15:33:27,933 mqtt_client Connecting to broker.hivemq.com:1883
ERROR 2026-08-29 15:33:37,952 mqtt_client Connection error: timed out
INFO 2026-08-29 15:33:38,953 mqtt_client Connecting to broker.hivemq.com:1883
ERROR 2026-08-29 15:33:48,965 mqtt_client Connection error: timed out
INFO 2026-08-29 15:33:49,966 mqtt_client Connecting to broker.hivemq.com:1883
ERROR 2026-08-29 15:34:00,028 mqtt_client Connection error: timed out
INFO 2026-08-29 15:34:01,029 mqtt_client Connecting to broker.hivemq.com:1883
ERROR 2026-08-29 15:34:11,054 mqtt_client Connection error: timed out
INFO 2026-08-29 15:34:12,055 mqtt_client Connecting to broker.hivemq.com:1883
ERROR 2026-08-29 15:34:22,075 mqtt_client Connection error: timed out
INFO 2026-08-29 15:34:23,076 mqtt_client Connecting to broker.hivemq.com:1883
ERROR 2026-08-29 15:34:33,092 mqtt_client Connection error: timed out
INFO 2026-08-29 15:34:34,093 mqtt_client Connecting to broker.hivemq.com:1883
ERROR 2026-08-29 15:34:44,101 mqtt_client Connection error: timed out
INFO 2026-08-29 15:34:45,102 mqtt_client Connecting to broker.hivemq.com:1883
ERROR 2026-08-29 15:34:55,115 mqtt_client Connection error: timed out
INFO 2026-08-29 15:34:56,116 mqtt_client Connecting to broker.hivemq.com:1883
ERROR 2026-08-29 15:35:06,185 mqtt_client Connection error: timed out
INFO 2026-08-29 15:35:07,186 mqtt_client Connecting to broker.hivemq.com:1883
ERROR 2026-08-29 15:35:17,203 mqtt_client Connection error: timed out
INFO 2026-08-29 15:35:18,204 mqtt_client Connecting to broker.hivemq.com:1883
ERROR 2026-08-29 15:35:28,231 mqtt_client Connection error: timed out
INFO 2026-08-29 15:35:29,233 mqtt_client Connecting to broker.hivemq.com:1883
ERROR 2026-08-29 15:35:39,254 mqtt_client Connection error: timed out
INFO 2026-08-29 15:35:40,255 mqtt_client Connecting to broker.hivemq.com:1883
ERROR 2026-08-29 15:35:50,274 mqtt_client Connection error: timed out
INFO 2026-08-29 15:35:51,275 mqtt_client Connecting to broker.hivemq.com:1883
ERROR 2026-08-29 15:36:01,298 mqtt_client Connection error: timed out
INFO 2026-08-29 15:36:02,299 mqtt_client Connecting to broker.hivemq.com:1883
ERROR 2026-08-29 15:36:12,356 mqtt_client Connection error: timed out
INFO 2026-08-29 15:36:13,357 mqtt_client Connecting to broker.hivemq.com:1883
ERROR 2026-08-29 15:36:23,369 mqtt_client Connection error: timed out
INFO 2026-08-29 15:36:24,370 mqtt_client Connecting to broker.hivemq.com:1883
ERROR 2026-08-29 15:36:34,381 mqtt_client Connection error: timed out
INFO 2026-08-29 15:36:35,381 mqtt_client Connecting to broker.hivemq.com:1883
ERROR 2026-08-29 15:36:45,410 mqtt_client Connection error: timed out
INFO 2026-08-29 15:36:46,410 mqtt_client Connecting to broker.hivemq.com:1883
ERROR 2026-08-29 15:36:56,432 mqtt_client Connection error: timed out
INFO 2026-08-29 15:36:57,433 mqtt_client Connecting to broker.hivemq.com:1883
ERROR 2026-08-29 15:37:07,461 mqtt_client Connection error: timed out
INFO 2026-08-29 15:37:08,462 mqtt_client Connecting to broker.hivemq.com:1883
ERROR 2026-08-29 15:37:18,476 mqtt_client Connection error: timed out
INFO 2026-08-29 15:37:19,477 mqtt_client Connecting to broker.hivemq.com:1883
ERROR 2026-08-29 15:37:29,487 mqtt_client Connection error: timed out
INFO 2026-08-29 15:37:30,487 mqtt_client Connecting to broker.hivemq.com:1883
ERROR 2026-08-29 15:37:40,510 mqtt_client Connection error: timed out
INFO 2026-08-29 15:37:41,510 mqtt_client Connecting to broker.hivemq.com:1883
ERROR 2026-08-29 15:37:51,536 mqtt_client Connection error: timed out
INFO 2026-08-29 15:37:52,537 mqtt_client Connecting to broker.hivemq.com:1883
ERROR 2026-08-29 15:38:02,560 mqtt_client Connection error: timed out
INFO 2026-08-29 15:38:03,561 mqtt_client Connecting to broker.hivemq.com:1883
ERROR 2026-08-29 15:38:13,591 mqtt_client Connection error: timed out
INFO 2026-08-29 15:38:14,592 mqtt_client Connecting to broker.hivemq.com:1883
ERROR 2026-08-29 15:38:24,652 mqtt_client Connection error: timed out
INFO 2026-08-29 15:38:25,653 mqtt_client Connecting to broker.hivemq.com:1883
ERROR 2026-08-29 15:38:35,673 mqtt_client Connection error: timed out
INFO 2026-08-29 15:38:36,674 mqtt_client Connecting to broker.hivemq.com:1883
ERROR 2026-08-29 15:38:46,692 mqtt_client Connection error: timed out
INFO 2026-08-29 15:38:47,693 mqtt_client Connecting to broker.hivemq.com:1883
ERROR 2026-08-29 15:38:57,700 mqtt_client Connection error: timed out
INFO 2026-08-29 15:38:58,701 mqtt_client Connecting to broker.hivemq.com:1883
ERROR 2026-08-29 15:39:08,720 mqtt_client Connection error: timed out
INFO 2026-08-29 15:39:09,720 mqtt_client Connecting to broker.hivemq.com:1883
ERROR 2026-08-29 15:39:19,732 mqtt_client Connection error: timed out
INFO 2026-08-29 15:39:20,734 mqtt_client Connecting to broker.hivemq.com:1883
ERROR 2026-08-29 15:39:30,745 mqtt_client Connection error: timed out
INFO 2026-08-29 15:39:31,745 mqtt_client Connecting to broker.hivemq.com:1883
ERROR 2026-08-29 15:39:41,766 mqtt_client Connection error: timed out
INFO 2026-08-29 15:39:42,766 mqtt_client Connecting to broker.hivemq.com:1883
ERROR 2026-08-29 15:39:52,793 mqtt_client Connection error: timed out
INFO 2026-08-29 15:39:53,793 mqtt_client Connecting to broker.hivemq.com:1883
ERROR 2026-08-29 15:40:03,826 mqtt_client Connection error: timed out
INFO 2026-08-29 15:40:04,827 mqtt_client Connecting to broker.hivemq.com:1883
ERROR 2026-08-29 15:40:14,836 mqtt_client Connection error: timed out
INFO 2026-08-29 15:40:15,837 mqtt_client Connecting to broker.hivemq.com:1883
ERROR 2026-08-29 15:40:25,853 mqtt_client Connection error: timed out
INFO 2026-08-29 15:40:26,854 mqtt_client Connecting to broker.hivemq.com:1883
ERROR 2026-08-29 15:40:36,884 mqtt_client Connection error: timed out
INFO 2026-08-29 15:40:37,885 mqtt_client Connecting to broker.hivemq.com:1883
ERROR 2026-08-29 15:40:47,897 mqtt_client Connection error: timed out
INFO 2026-08-29 15:40:48,898 mqtt_client Connecting to broker.hivemq.com:1883
ERROR 2026-08-29 15:40:58,901 mqtt_client Connection error: timed out
INFO 2026-08-29 15:40:59,901 mqtt_client Connecting to broker.hivemq.com:1883
ERROR 2026-08-29 15:41:09,914 mqtt_client Connection error: timed out
INFO 2026-08-29 15:41:10,916 mqtt_client Connecting to broker.hivemq.com:1883
ERROR 2026-08-29 15:41:20,944 mqtt_client Connection error: timed out
INFO 2026-08-29 15:41:21,945 mqtt_client Connecting to broker.hivemq.com:1883
ERROR 2026-08-29 15:41:31,954 mqtt_client Connection error: timed out
INFO 2026-08-29 15:41:32,955 mqtt_client Connecting to broker.hivemq.com:1883
ERROR 2026-08-29 15:41:42,986 mqtt_client Connection error: timed out
INFO 2026-08-29 15:41:43,987 mqtt_client Connecting to broker.hivemq.com:1883
ERROR 2026-08-29 15:41:53,991 mqtt_client Connection error: timed out
INFO 2026-08-29 15:41:54,992 mqtt_client Connecting to broker.hivemq.com:1883
ERROR 2026-08-29 15:42:05,009 mqtt_client Connection error: timed out
INFO 2026-08-29 15:42:06,010 mqtt_client Connecting to broker.hivemq.com:1883
ERROR 2026-08-29 15:42:16,021 mqtt_client Connection error: timed out
INFO 2026-08-29 15:42:17,021 mqtt_client Connecting to broker.hivemq.com:1883
ERROR 2026-08-29 15:42:27,043 mqtt_client Connection error: timed out
INFO 2026-08-29 15:42:28,044 mqtt_client Connecting to broker.hivemq.com:1883
ERROR 2026-08-29 15:42:38,054 mqtt_client Connection error: timed out
INFO 2026-08-29 15:42:39,055 mqtt_client Connecting to broker.hivemq.com:1883
ERROR 2026-08-29 15:42:49,068 mqtt_client Connection error: timed out
INFO 2026-08-29 15:42:50,069 mqtt_client Connecting to broker.hivemq.com:1883
ERROR 2026-08-29 15:43:00,089 mqtt_client Connection error: timed out
INFO 2026-08-29 15:43:01,090 mqtt_client Connecting to broker.hivemq.com:1883
ERROR 2026-08-29 15:43:11,109 mqtt_client Connection error: timed out
INFO 2026-08-29 15:43:12,110 mqtt_client Connecting to broker.hivemq.com:1883
ERROR 2026-08-29 15:43:22,122 mqtt_client Connection error: timed out
INFO 2026-08-29 15:43:23,123 mqtt_client Connecting to broker.hivemq.com:1883
ERROR 2026-08-29 15:43:33,149 mqtt_client Connection error: timed out
INFO 2026-08-29 15:43:34,149 mqtt_client Connecting to broker.hivemq.com:1883
ERROR 2026-08-29 15:43:44,158 mqtt_client Connection error: timed out
INFO 2026-08-29 15:43:45,159 mqtt_client Connecting to broker.hivemq.com:1883
ERROR 2026-08-29 15:43:55,185 mqtt_client Connection error: timed out
INFO 2026-08-29 15:43:56,185 mqtt_client Connecting to broker.hivemq.com:1883
ERROR 2026-08-29 15:44:06,195 mqtt_client Connection error: timed out
INFO 2026-08-29 15:44:07,196 mqtt_client Connecting to broker.hivemq.com:1883
ERROR 2026-08-29 15:44:17,224 mqtt_client Connection error: timed out
INFO 2026-08-29 15:44:18,225 mqtt_client Connecting to broker.hivemq.com:1883
ERROR 2026-08-29 15:44:28,244 mqtt_client Connection error: timed out
INFO 2026-08-29 15:44:29,245 mqtt_client Connecting to broker.hivemq.com:1883
ERROR 2026-08-29 15:44:39,263 mqtt_client Connection error: timed out
INFO 2026-08-29 15:44:40,264 mqtt_client Connecting to broker.hivemq.com:1883
ERROR 2026-08-29 15:44:50,287 mqtt_client Connection error: timed out
INFO 2026-08-29 15:44:51,288 mqtt_client Connecting to broker.hivemq.com:1883
ERROR 2026-08-29 15:45:01,325 mqtt_client Connection error: timed out
INFO 2026-08-29 15:45:02,326 mqtt_client Connecting to broker.hivemq.com:1883
ERROR 2026-08-29 15:45:12,333 mqtt_client Connection error: timed out
INFO 2026-08-29 15:45:13,334 mqtt_client Connecting to broker.hivemq.com:1883
ERROR 2026-08-29 15:45:23,346 mqtt_client Connection error: timed out
INFO 2026-08-29 15:45:24,347 mqtt_client Connecting to broker.hivemq.com:1883
ERROR 2026-08-29 15:45:34,360 mqtt_client Connection error: timed out
INFO 2026-08-29 15:45:35,362 mqtt_client Connecting to broker.hivemq.com:1883
ERROR 2026-08-29 15:45:45,376 mqtt_client Connection error: timed out
INFO 2026-08-29 15:45:46,377 mqtt_client Connecting to broker.hivemq.com:1883
ERROR 2026-08-29 15:45:56,396 mqtt_client Connection error: timed out
INFO 2026-08-29 15:45:57,396 mqtt_client Connecting to broker.hivemq.com:1883
ERROR 2026-08-29 15:46:07,439 mqtt_client Connection error: timed out
INFO 2026-08-29 15:46:08,440 mqtt_client Connecting to broker.hivemq.com:1883
ERROR 2026-08-29 15:46:18,451 mqtt_client Connection error: timed out
INFO 2026-08-29 15:46:19,452 mqtt_client Connecting to broker.hivemq.com:1883
ERROR 2026-08-29 15:46:29,475 mqtt_client Connection error: timed out
INFO 2026-08-29 15:46:30,475 mqtt_client Connecting to broker.hivemq.com:1883
ERROR 2026-08-29 15:46:40,493 mqtt_client Connection error: timed out
INFO 2026-08-29 15:46:41,494 mqtt_client Connecting to broker.hivemq.com:1883
ERROR 2026-08-29 15:46:51,507 mqtt_client Connection error: timed out
INFO 2026-08-29 15:46:52,508 mqtt_client Connecting to broker.hivemq.com:1883
ERROR 2026-08-29 15:47:02,523 mqtt_client Connection error: timed out
INFO 2026-08-29 15:47:03,524 mqtt_client Connecting to broker.hivemq.com:1883
ERROR 2026-08-29 15:47:13,538 mqtt_client Connection error: timed out
INFO 2026-08-29 15:47:14,539 mqtt_client Connecting to broker.hivemq.com:1883
ERROR 2026-08-29 15:47:24,570 mqtt_client Connection error: timed out
INFO 2026-08-29 15:47:25,571 mqtt_client Connecting to broker.hivemq.com:1883
ERROR 2026-08-29 15:47:35,597 mqtt_client Connection error: timed out
INFO 2026-08-29 15:47:36,598 mqtt_client Connecting to broker.hivemq.com:1883
ERROR 2026-08-29 15:47:46,611 mqtt_client Connection error: timed out
INFO 2026-08-29 15:47:47,611 mqtt_client Connecting to broker.hivemq.com:1883
ERROR 2026-08-29 15:47:57,632 mqtt_client Connection error: timed out
INFO 2026-08-29 15:47:58,632 mqtt_client Connecting to broker.hivemq.com:1883
ERROR 2026-08-29 15:48:08,652 mqtt_client Connection error: timed out
INFO 2026-08-29 15:48:09,653 mqtt_client Connecting to broker.hivemq.com:1883
ERROR 2026-08-29 15:48:19,687 mqtt_client Connection error: timed out
INFO 2026-08-29 15:48:20,688 mqtt_client Connecting to broker.hivemq.com:1883
ERROR 2026-08-29 15:48:30,696 mqtt_client Connection error: timed out
INFO 2026-08-29 15:48:31,696 mqtt_client Connecting to broker.hivemq.com:1883
ERROR 2026-08-29 15:48:41,713 mqtt_client Connection error: timed out
INFO 2026-08-29 15:48:42,715 mqtt_client Connecting to broker.hivemq.com:1883
ERROR 2026-08-29 15:48:52,739 mqtt_client Connection error: timed out
INFO 2026-08-29 15:48:53,740 mqtt_client Connecting to broker.hivemq.com:1883
ERROR 2026-08-29 15:49:03,753 mqtt_client Connection error: timed out
INFO 2026-08-29 15:49:04,754 mqtt_client Connecting to broker.hivemq.com:1883
ERROR 2026-08-29 15:49:14,765 mqtt_client Connection error: timed out
INFO 2026-08-29 15:49:15,766 mqtt_client Connecting to broker.hivemq.com:1883
ERROR 2026-08-29 15:49:25,806 mqtt_client Connection error: timed out
INFO 2026-08-29 15:49:26,808 mqtt_client Connecting to broker.hivemq.com:1883
ERROR 2026-08-29 15:49:36,819 mqtt_client Connection error: timed out
INFO 2026-08-29 15:49:37,820 mqtt_client Connecting to broker.hivemq.com:1883
ERROR 2026-08-29 15:49:47,836 mqtt_client Connection error: timed out
INFO 2026-08-29 15:49:48,837 mqtt_client Connecting to broker.hivemq.com:1883
ERROR 2026-08-29 15:49:58,854 mqtt_client Connection error: timed out
INFO 2026-08-29 15:49:59,855 mqtt_client Connecting to broker.hivemq.com:1883
ERROR 2026-08-29 15:50:09,876 mqtt_client Connection error: timed out
INFO 2026-08-29 15:50:10,877 mqtt_client Connecting to broker.hivemq.com:1883
ERROR 2026-08-29 15:50:20,898 mqtt_client Connection error: timed out
INFO 2026-08-29 15:50:21,899 mqtt_client Connecting to broker.hivemq.com:1883
ERROR 2026-08-29 15:50:32,119 mqtt_client Connection error: timed out
INFO 2026-08-29 15:50:33,119 mqtt_client Connecting to broker.hivemq.com:1883
ERROR 2026-08-29 15:50:43,143 mqtt_client Connection error: timed out
INFO 2026-08-29 15:50:44,144 mqtt_client Connecting to broker.hivemq.com:1883
ERROR 2026-08-29 15:50:54,154 mqtt_client Connection error: timed out
INFO 2026-08-29 15:50:55,155 mqtt_client Connecting to broker.hivemq.com:1883
ERROR 2026-08-29 15:51:05,182 mqtt_client Connection error: timed out
INFO 2026-08-29 15:51:06,183 mqtt_client Connecting to broker.hivemq.com:1883
ERROR 2026-08-29 15:51:16,191 mqtt_client Connection error: timed out
INFO 2026-08-29 15:51:17,193 mqtt_client Connecting to broker.hivemq.com:1883
ERROR 2026-08-29 15:51:27,209 mqtt_client Connection error: timed out
INFO 2026-08-29 15:51:28,210 mqtt_client Connecting to broker.hivemq.com:1883
ERROR 2026-08-29 15:51:38,253 mqtt_client Connection error: timed out
INFO 2026-08-29 15:51:39,254 mqtt_client Connecting to broker.hivemq.com:1883
ERROR 2026-08-29 15:51:49,280 mqtt_client Connection error: timed out
INFO 2026-08-29 15:51:50,281 mqtt_client Connecting to broker.hivemq.com:1883
ERROR 2026-08-29 15:52:00,299 mqtt_client Connection error: timed out
INFO 2026-08-29 15:52:01,301 mqtt_client Connecting to broker.hivemq.com:1883
ERROR 2026-08-29 15:52:11,314 mqtt_client Connection error: timed out
INFO 2026-08-29 15:52:12,314 mqtt_client Connecting to broker.hivemq.com:1883
ERROR 2026-08-29 15:52:22,340 mqtt_client Connection error: timed out
INFO 2026-08-29 15:52:23,345 mqtt_client Connecting to broker.hivemq.com:1883
ERROR 2026-08-29 15:52:33,359 mqtt_client Connection error: timed out
INFO 2026-08-29 15:52:34,360 mqtt_client Connecting to broker.hivemq.com:1883
ERROR 2026-08-29 15:52:44,436 mqtt_client Connection error: timed out
INFO 2026-08-29 15:52:45,438 mqtt_client Connecting to broker.hivemq.com:1883
ERROR 2026-08-29 15:52:55,456 mqtt_client Connection error: timed out
INFO 2026-08-29 15:52:56,456 mqtt_client Connecting to broker.hivemq.com:1883
ERROR 2026-08-29 15:53:06,471 mqtt_client Connection error: timed out
INFO 2026-08-29 15:53:07,472 mqtt_client Connecting to broker.hivemq.com:1883
ERROR 2026-08-29 15:53:17,500 mqtt_client Connection error: timed out
INFO 2026-08-29 15:53:18,501 mqtt_client Connecting to broker.hivemq.com:1883
ERROR 2026-08-29 15:53:28,544 mqtt_client Connection error: timed out
INFO 2026-08-29 15:53:29,545 mqtt_client Connecting to broker.hivemq.com:1883
ERROR 2026-08-29 15:53:39,575 mqtt_client Connection error: timed out
INFO 2026-08-29 15:53:40,576 mqtt_client Connecting to broker.hivemq.com:1883
ERROR 2026-08-29 15:53:50,593 mqtt_client Connection error: timed out
INFO 2026-08-29 15:53:51,595 mqtt_client Connecting to broker.hivemq.com:1883
ERROR 2026-08-29 15:54:01,600 mqtt_client Connection error: timed out
INFO 2026-08-29 15:54:02,601 mqtt_client Connecting to broker.hivemq.com:1883
ERROR 2026-08-29 15:54:12,633 mqtt_client Connection error: timed out
INFO 2026-08-29 15:54:13,634 mqtt_client Connecting to broker.hivemq.com:1883
ERROR 2026-08-29 15:54:23,645 mqtt_client Connection error: timed out
INFO 2026-08-29 15:54:24,648 mqtt_client Connecting to broker.hivemq.com:1883
ERROR 2026-08-29 15:54:34,679 mqtt_client Connection error: timed out
INFO 2026-08-29 15:54:35,681 mqtt_client Connecting to broker.hivemq.com:1883
ERROR 2026-08-29 15:54:45,744 mqtt_client Connection error: timed out
INFO 2026-08-29 15:54:46,745 mqtt_client Connecting to broker.hivemq.com:1883
ERROR 2026-08-29 15:54:56,765 mqtt_client Connection error: timed out
INFO 2026-08-29 15:54:57,766 mqtt_client Connecting to broker.hivemq.com:1883
ERROR 2026-08-29 15:55:07,775 mqtt_client Connection error: timed out
INFO 2026-08-29 15:55:08,776 mqtt_client Connecting to broker.hivemq.com:1883
ERROR 2026-08-29 15:55:18,799 mqtt_client Connection error: timed out
INFO 2026-08-29 15:55:19,800 mqtt_client Connecting to broker.hivemq.com:1883
ERROR 2026-08-29 15:55:29,813 mqtt_client Connection error: timed out
INFO 2026-08-29 15:55:30,814 mqtt_client Connecting to broker.hivemq.com:1883
ERROR 2026-08-29 15:55:40,822 mqtt_client Connection error: timed out
INFO 2026-08-29 15:55:41,823 mqtt_client Connecting to broker.hivemq.com:1883
ERROR 2026-08-29 15:55:51,884 mqtt_client Connection error: timed out
INFO 2026-08-29 15:55:52,885 mqtt_client Connecting to broker.hivemq.com:1883
ERROR 2026-08-29 15:56:02,904 mqtt_client Connection error: timed out
INFO 2026-08-29 15:56:03,906 mqtt_client Connecting to broker.hivemq.com:1883
ERROR 2026-08-29 15:56:13,933 mqtt_client Connection error: timed out
INFO 2026-08-29 15:56:14,935 mqtt_client Connecting to broker.hivemq.com:1883
ERROR 2026-08-29 15:56:24,966 mqtt_client Connection error: timed out
INFO 2026-08-29 15:56:25,966 mqtt_client Connecting to broker.hivemq.com:1883
ERROR 2026-08-29 15:56:35,985 mqtt_client Connection error: timed out
INFO 2026-08-29 15:56:36,986 mqtt_client Connecting to broker.hivemq.com:1883
ERROR 2026-08-29 15:56:47,016 mqtt_client Connection error: timed out
INFO 2026-08-29 15:56:48,017 mqtt_client Connecting to broker.hivemq.com:1883
ERROR 2026-08-29 15:56:58,077 mqtt_client Connection error: timed out
INFO 2026-08-29 15:56:59,078 mqtt_client Connecting to broker.hivemq.com:1883
ERROR 2026-08-29 15:57:09,109 mqtt_client Connection error: timed out
INFO 2026-08-29 15:57:10,110 mqtt_client Connecting to broker.hivemq.com:1883
ERROR 2026-08-29 15:57:20,125 mqtt_client Connection error: timed out
INFO 2026-08-29 15:57:21,126 mqtt_client Connecting to broker.hivemq.com:1883
ERROR 2026-08-29 15:57:31,139 mqtt_client Connection error: timed out
INFO 2026-08-29 15:57:32,140 mqtt_client Connecting to broker.hivemq.com:1883
ERROR 2026-08-29 15:57:42,161 mqtt_client Connection error: timed out
INFO 2026-08-29 15:57:43,163 mqtt_client Connecting to broker.hivemq.com:1883
ERROR 2026-08-29 15:57:53,180 mqtt_client Connection error: timed out
INFO 2026-08-29 15:57:54,181 mqtt_client Connecting to broker.hivemq.com:1883
ERROR 2026-08-29 15:58:04,228 mqtt_client Connection error: timed out
INFO 2026-08-29 15:58:05,228 mqtt_client Connecting to broker.hivemq.com:1883
ERROR 2026-08-29 15:58:15,242 mqtt_client Connection error: timed out
INFO 2026-08-29 15:58:16,243 mqtt_client Connecting to broker.hivemq.com:1883
ERROR 2026-08-29 15:58:26,269 mqtt_client Connection error: timed out
INFO 2026-08-29 15:58:27,270 mqtt_client Connecting to broker.hivemq.com:1883
ERROR 2026-08-29 15:58:37,290 mqtt_client Connection error: timed out
INFO 2026-08-29 15:58:38,291 mqtt_client Connecting to broker.hivemq.com:1883
ERROR 2026-08-29 15:58:48,313 mqtt_client Connection error: timed out
INFO 2026-08-29 15:58:49,315 mqtt_client Connecting to broker.hivemq.com:1883
ERROR 2026-08-29 15:58:59,350 mqtt_client Connection error: timed out
INFO 2026-08-29 15:59:00,351 mqtt_client Connecting to broker.hivemq.com:1883
ERROR 2026-08-29 15:59:10,764 mqtt_client Connection error: timed out
INFO 2026-08-29 15:59:11,765 mqtt_client Connecting to broker.hivemq.com:1883
ERROR 2026-08-29 15:59:21,777 mqtt_client Connection error: timed out
INFO 2026-08-29 15:59:22,777 mqtt_client Connecting to broker.hivemq.com:1883
ERROR 2026-08-29 15:59:32,795 mqtt_client Connection error: timed out
INFO 2026-08-29 15:59:33,797 mqtt_client Connecting to broker.hivemq.com:1883
ERROR 2026-08-29 15:59:43,818 mqtt_client Connection error: timed out
INFO 2026-08-29 15:59:44,820 mqtt_client Connecting to broker.hivemq.com:1883
ERROR 2026-08-29 15:59:54,838 mqtt_client Connection error: timed out
INFO 2026-08-29 15:59:55,839 mqtt_client Connecting to broker.hivemq.com:1883
ERROR 2026-08-29 16:00:05,855 mqtt_client Connection error: timed out
INFO 2026-08-29 16:00:06,857 mqtt_client Connecting to broker.hivemq.com:1883
ERROR 2026-08-29 16:00:16,926 mqtt_client Connection error: timed out
INFO 2026-08-29 16:00:17,927 mqtt_client Connecting to broker.hivemq.com:1883
ERROR 2026-08-29 16:00:27,953 mqtt_client Connection error: timed out
INFO 2026-08-29 16:00:28,954 mqtt_client Connecting to broker.hivemq.com:1883
ERROR 2026-08-29 16:00:38,971 mqtt_client Connection error: timed out
INFO 2026-08-29 16:00:39,972 mqtt_client Connecting to broker.hivemq.com:1883
ERROR 2026-08-29 16:00:49,995 mqtt_client Connection error: timed out
INFO 2026-08-29 16:00:50,996 mqtt_client Connecting to broker.hivemq.com:1883
ERROR 2026-08-29 16:01:01,021 mqtt_client Connection error: timed out
INFO 2026-08-29 16:01:02,022 mqtt_client Connecting to broker.hivemq.com:1883
ERROR 2026-08-29 16:01:12,051 mqtt_client Connection error: timed out
INFO 2026-08-29 16:01:13,054 mqtt_client Connecting to broker.hivemq.com:1883
ERROR 2026-08-29 16:01:23,111 mqtt_client Connection error: timed out
INFO 2026-08-29 16:01:24,112 mqtt_client Connecting to broker.hivemq.com:1883
ERROR 2026-08-29 16:01:34,127 mqtt_client Connection error: timed out
INFO 2026-08-29 16:01:35,129 mqtt_client Connecting to broker.hivemq.com:1883
ERROR 2026-08-29 16:01:45,153 mqtt_client Connection error: timed out
INFO 2026-08-29 16:01:46,155 mqtt_client Connecting to broker.hivemq.com:1883
ERROR 2026-08-29 16:01:56,182 mqtt_client Connection error: timed out
INFO 2026-08-29 16:01:57,183 mqtt_client Connecting to broker.hivemq.com:1883
ERROR 2026-08-29 16:02:07,214 mqtt_client Connection error: timed out
INFO 2026-08-29 16:02:08,215 mqtt_client Connecting to broker.hivemq.com:1883
ERROR 2026-08-29 16:02:18,241 mqtt_client Connection error: timed out
INFO 2026-08-29 16:02:19,241 mqtt_client Connecting to broker.hivemq.com:1883
ERROR 2026-08-29 16:02:29,326 mqtt_client Connection error: timed out
INFO 2026-08-29 16:02:30,327 mqtt_client Connecting to broker.hivemq.com:1883
ERROR 2026-08-29 16:02:40,347 mqtt_client Connection error: timed out
INFO 2026-08-29 16:02:41,347 mqtt_client Connecting to broker.hivemq.com:1883
ERROR 2026-08-29 16:02:51,363 mqtt_client Connection error: timed out
INFO 2026-08-29 16:02:52,364 mqtt_client Connecting to broker.hivemq.com:1883
ERROR 2026-08-29 16:03:02,382 mqtt_client Connection error: timed out
INFO 2026-08-29 16:03:03,383 mqtt_client Connecting to broker.hivemq.com:1883
ERROR 2026-08-29 16:03:13,396 mqtt_client Connection error: timed out
INFO 2026-08-29 16:03:14,397 mqtt_client Connecting to broker.hivemq.com:1883
ERROR 2026-08-29 16:03:24,433 mqtt_client Connection error: timed out
INFO 2026-08-29 16:03:25,436 mqtt_client Connecting to broker.hivemq.com:1883
ERROR 2026-08-29 16:03:35,904 mqtt_client Connection error: timed out
INFO 2026-08-29 16:03:36,905 mqtt_client Connecting to broker.hivemq.com:1883
ERROR 2026-08-29 16:03:46,915 mqtt_client Connection error: timed out
INFO 2026-08-29 16:03:47,916 mqtt_client Connecting to broker.hivemq.com:1883
ERROR 2026-08-29 16:03:57,948 mqtt_client Connection error: timed out
INFO 2026-08-29 16:03:58,949 mqtt_client Connecting to broker.hivemq.com:1883
ERROR 2026-08-29 16:04:08,970 mqtt_client Connection error: timed out
INFO 2026-08-29 16:04:09,971 mqtt_client Connecting to broker.hivemq.com:1883
ERROR 2026-08-29 16:04:19,983 mqtt_client Connection error: timed out
INFO 2026-08-29 16:04:20,984 mqtt_client Connecting to broker.hivemq.com:1883
ERROR 2026-08-29 16:04:31,007 mqtt_client Connection error: timed out
INFO 2026-08-29 16:04:32,008 mqtt_client Connecting to broker.hivemq.com:1883
ERROR 2026-08-29 16:04:42,075 mqtt_client Connection error: timed out
INFO 2026-08-29 16:04:43,076 mqtt_client Connecting to broker.hivemq.com:1883
ERROR 2026-08-29 16:04:53,084 mqtt_client Connection error: timed out
INFO 2026-08-29 16:04:54,085 mqtt_client Connecting to broker.hivemq.com:1883
ERROR 2026-08-29 16:05:04,102 mqtt_client Connection error: timed out
INFO 2026-08-29 16:05:05,104 mqtt_client Connecting to broker.hivemq.com:1883
ERROR 2026-08-29 16:05:15,117 mqtt_client Connection error: timed out
INFO 2026-08-29 16:05:16,118 mqtt_client Connecting to broker.hivemq.com:1883
ERROR 2026-08-29 16:05:26,138 mqtt_client Connection error: timed out
INFO 2026-08-29 16:05:27,139 mqtt_client Connecting to broker.hivemq.com:1883
ERROR 2026-08-29 16:05:37,160 mqtt_client Connection error: timed out
INFO 2026-08-29 16:05:38,161 mqtt_client Connecting to broker.hivemq.com:1883
ERROR 2026-08-29 16:05:48,182 mqtt_client Connection error: timed out
INFO 2026-08-29 16:05:49,183 mqtt_client Connecting to broker.hivemq.com:1883
ERROR 2026-08-29 16:05:59,198 mqtt_client Connection error: timed out
INFO 2026-08-29 16:06:00,199 mqtt_client Connecting to broker.hivemq.com:1883
ERROR 2026-08-29 16:06:10,223 mqtt_client Connection error: timed out
INFO 2026-08-29 16:06:11,224 mqtt_client Connecting to broker.hivemq.com:1883
ERROR 2026-08-29 16:06:21,239 mqtt_client Connection error: timed out
INFO 2026-08-29 16:06:22,240 mqtt_client Connecting to broker.hivemq.com:1883
ERROR 2026-08-29 16:06:32,270 mqtt_client Connection error: timed out
INFO 2026-08-29 16:06:33,271 mqtt_client Connecting to broker.hivemq.com:1883
ERROR 2026-08-29 16:06:43,285 mqtt_client Connection error: timed out
INFO 2026-08-29 16:06:44,286 mqtt_client Connecting to broker.hivemq.com:1883
ERROR 2026-08-29 16:06:54,309 mqtt_client Connection error: timed out
INFO 2026-08-29 16:06:55,310 mqtt_client Connecting to broker.hivemq.com:1883
ERROR 2026-08-29 16:07:05,324 mqtt_client Connection error: timed out
INFO 2026-08-29 16:07:06,325 mqtt_client Connecting to broker.hivemq.com:1883
ERROR 2026-08-29 16:07:16,345 mqtt_client Connection error: timed out
INFO 2026-08-29 16:07:17,347 mqtt_client Connecting to broker.hivemq.com:1883
ERROR 2026-08-29 16:07:27,365 mqtt_client Connection error: timed out
INFO 2026-08-29 16:07:28,366 mqtt_client Connecting to broker.hivemq.com:1883
ERROR 2026-08-29 16:07:38,392 mqtt_client Connection error: timed out
INFO 2026-08-29 16:07:39,394 mqtt_client Connecting to broker.hivemq.com:1883
ERROR 2026-08-29 16:07:49,535 mqtt_client Connection error: timed out
INFO 2026-08-29 16:07:50,536 mqtt_client Connecting to broker.hivemq.com:1883
ERROR 2026-08-29 16:08:00,555 mqtt_client Connection error: timed out
INFO 2026-08-29 16:08:01,556 mqtt_client Connecting to broker.hivemq.com:1883
ERROR 2026-08-29 16:08:11,571 mqtt_client Connection error: timed out
INFO 2026-08-29 16:08:12,572 mqtt_client Connecting to broker.hivemq.com:1883
ERROR 2026-08-29 16:08:22,601 mqtt_client Connection error: timed out
INFO 2026-08-29 16:08:23,602 mqtt_client Connecting to broker.hivemq.com:1883
ERROR 2026-08-29 16:08:33,620 mqtt_client Connection error: timed out
INFO 2026-08-29 16:08:34,621 mqtt_client Connecting to broker.hivemq.com:1883
ERROR 2026-08-29 16:08:44,659 mqtt_client Connection error: timed out
INFO 2026-08-29 16:08:45,660 mqtt_client Connecting to broker.hivemq.com:1883
ERROR 2026-08-29 16:08:55,722 mqtt_client Connection error: timed out
INFO 2026-08-29 16:08:56,723 mqtt_client Connecting to broker.hivemq.com:1883
ERROR 2026-08-29 16:09:06,738 mqtt_client Connection error: timed out
INFO 2026-08-29 16:09:07,739 mqtt_client Connecting to broker.hivemq.com:1883
ERROR 2026-08-29 16:09:17,756 mqtt_client Connection error: timed out
INFO 2026-08-29 16:09:18,757 mqtt_client Connecting to broker.hivemq.com:1883
ERROR 2026-08-29 16:09:28,774 mqtt_client Connection error: timed out
INFO 2026-08-29 16:09:29,775 mqtt_client Connecting to broker.hivemq.com:1883
ERROR 2026-08-29 16:09:39,795 mqtt_client Connection error: timed out
INFO 2026-08-29 16:09:40,796 mqtt_client Connecting to broker.hivemq.com:1883
ERROR 2026-08-29 16:09:50,811 mqtt_client Connection error: timed out
INFO 2026-08-29 16:09:51,813 mqtt_client Connecting to broker.hivemq.com:1883
ERROR 2026-08-29 16:10:01,876 mqtt_client Connection error: timed out
INFO 2026-08-29 16:10:02,877 mqtt_client Connecting to broker.hivemq.com:1883
ERROR 2026-08-29 16:10:12,896 mqtt_client Connection error: timed out
INFO 2026-08-29 16:10:13,897 mqtt_client Connecting to broker.hivemq.com:1883
ERROR 2026-08-29 16:10:23,914 mqtt_client Connection error: timed out
INFO 2026-08-29 16:10:24,916 mqtt_client Connecting to broker.hivemq.com:1883
ERROR 2026-08-29 16:10:34,942 mqtt_client Connection error: timed out
INFO 2026-08-29 16:10:35,943 mqtt_client Connecting to broker.hivemq.com:1883
ERROR 2026-08-29 16:10:45,969 mqtt_client Connection error: timed out
INFO 2026-08-29 16:10:46,970 mqtt_client Connecting to broker.hivemq.com:1883
ERROR 2026-08-29 16:10:56,996 mqtt_client Connection error: timed out
INFO 2026-08-29 16:10:57,996 mqtt_client Connecting to broker.hivemq.com:1883
ERROR 2026-08-29 16:11:08,049 mqtt_client Connection error: timed out
INFO 2026-08-29 16:11:09,050 mqtt_client Connecting to broker.hivemq.com:1883
ERROR 2026-08-29 16:11:19,054 mqtt_client Connection error: timed out
INFO 2026-08-29 16:11:20,055 mqtt_client Connecting to broker.hivemq.com:1883
ERROR 2026-08-29 16:11:30,085 mqtt_client Connection error: timed out
INFO 2026-08-29 16:11:31,086 mqtt_client Connecting to broker.hivemq.com:1883
ERROR 2026-08-29 16:11:41,109 mqtt_client Connection error: timed out
INFO 2026-08-29 16:11:42,110 mqtt_client Connecting to broker.hivemq.com:1883
ERROR 2026-08-29 16:11:52,130 mqtt_client Connection error: timed out
INFO 2026-08-29 16:11:53,131 mqtt_client Connecting to broker.hivemq.com:1883
ERROR 2026-08-29 16:12:03,155 mqtt_client Connection error: timed out
INFO 2026-08-29 16:12:04,156 mqtt_client Connecting to broker.hivemq.com:1883
ERROR 2026-08-29 16:12:14,221 mqtt_client Connection error: timed out
INFO 2026-08-29 16:12:15,222 mqtt_client Connecting to broker.hivemq.com:1883
ERROR 2026-08-29 16:12:25,244 mqtt_client Connection error: timed out
INFO 2026-08-29 16:12:26,245 mqtt_client Connecting to broker.hivemq.com:1883
ERROR 2026-08-29 16:12:36,266 mqtt_client Connection error: timed out
INFO 2026-08-29 16:12:37,267 mqtt_client Connecting to broker.hivemq.com:1883
ERROR 2026-08-29 16:12:47,295 mqtt_client Connection error: timed out
INFO 2026-08-29 16:12:48,296 mqtt_client Connecting to broker.hivemq.com:1883
ERROR 2026-08-29 16:12:58,309 mqtt_client Connection error: timed out
INFO 2026-08-29 16:12:59,310 mqtt_client Connecting to broker.hivemq.com:1883
ERROR 2026-08-29 16:13:09,344 mqtt_client Connection error: timed out
INFO 2026-08-29 16:13:10,346 mqtt_client Connecting to broker.hivemq.com:1883
ERROR 2026-08-29 16:13:20,413 mqtt_client Connection error: timed out
INFO 2026-08-29 16:13:21,414 mqtt_client Connecting to broker.hivemq.com:1883
ERROR 2026-08-29 16:13:31,424 mqtt_client Connection error: timed out
INFO 2026-08-29 16:13:32,425 mqtt_client Connecting to broker.hivemq.com:1883
ERROR 2026-08-29 16:13:42,450 mqtt_client Connection error: timed out
INFO 2026-08-29 16:13:43,451 mqtt_client Connecting to broker.hivemq.com:1883
ERROR 2026-08-29 16:13:53,468 mqtt_client Connection error: timed out
INFO 2026-08-29 16:13:54,469 mqtt_client Connecting to broker.hivemq.com:1883
ERROR 2026-08-29 16:14:04,488 mqtt_client Connection error: timed out
INFO 2026-08-29 16:14:05,489 mqtt_client Connecting to broker.hivemq.com:1883
ERROR 2026-08-29 16:14:15,504 mqtt_client Connection error: timed out
INFO 2026-08-29 16:14:16,505 mqtt_client Connecting to broker.hivemq.com:1883
ERROR 2026-08-29 16:14:26,552 mqtt_client Connection error: timed out
INFO 2026-08-29 16:14:27,553 mqtt_client Connecting to broker.hivemq.com:1883
ERROR 2026-08-29 16:14:37,576 mqtt_client Connection error: timed out
INFO 2026-08-29 16:14:38,578 mqtt_client Connecting to broker.hivemq.com:1883
ERROR 2026-08-29 16:14:48,582 mqtt_client Connection error: timed out
INFO 2026-08-29 16:14:49,583 mqtt_client Connecting to broker.hivemq.com:1883
ERROR 2026-08-29 16:14:59,608 mqtt_client Connection error: timed out
INFO 2026-08-29 16:15:00,609 mqtt_client Connecting to broker.hivemq.com:1883
ERROR 2026-08-29 16:15:10,639 mqtt_client Connection error: timed out
INFO 2026-08-29 16:15:11,640 mqtt_client Connecting to broker.hivemq.com:1883
ERROR 2026-08-29 16:15:21,666 mqtt_client Connection error: timed out
INFO 2026-08-29 16:15:22,667 mqtt_client Connecting to broker.hivemq.com:1883
ERROR 2026-08-29 16:15:32,688 mqtt_client Connection error: timed out
INFO 2026-08-29 16:15:33,689 mqtt_client Connecting to broker.hivemq.com:1883
ERROR 2026-08-29 16:15:43,714 mqtt_client Connection error: timed out
INFO 2026-08-29 16:15:44,716 mqtt_client Connecting to broker.hivemq.com:1883
ERROR 2026-08-29 16:15:54,721 mqtt_client Connection error: timed out
INFO 2026-08-29 16:15:55,723 mqtt_client Connecting to broker.hivemq.com:1883
ERROR 2026-08-29 16:16:05,746 mqtt_client Connection error: timed out
INFO 2026-08-29 16:16:06,747 mqtt_client Connecting to broker.hivemq.com:1883
ERROR 2026-08-29 16:16:16,767 mqtt_client Connection error: timed out
INFO 2026-08-29 16:16:17,768 mqtt_client Connecting to broker.hivemq.com:1883
ERROR 2026-08-29 16:16:27,786 mqtt_client Connection error: timed out
INFO 2026-08-29 16:16:28,788 mqtt_client Connecting to broker.hivemq.com:1883
ERROR 2026-08-29 16:16:38,823 mqtt_client Connection error: timed out
INFO 2026-08-29 16:16:39,824 mqtt_client Connecting to broker.hivemq.com:1883
ERROR 2026-08-29 16:16:49,828 mqtt_client Connection error: timed out
INFO 2026-08-29 16:16:50,829 mqtt_client Connecting to broker.hivemq.com:1883
ERROR 2026-08-29 16:17:00,843 mqtt_client Connection error: timed out
INFO 2026-08-29 16:17:01,844 mqtt_client Connecting to broker.hivemq.com:1883
ERROR 2026-08-29 16:17:11,862 mqtt_client Connection error: timed out
INFO 2026-08-29 16:17:12,863 mqtt_client Connecting to broker.hivemq.com:1883
ERROR 2026-08-29 16:17:22,872 mqtt_client Connection error: timed out
INFO 2026-08-29 16:17:23,874 mqtt_client Connecting to broker.hivemq.com:1883
ERROR 2026-08-29 16:17:33,886 mqtt_client Connection error: timed out
INFO 2026-08-29 16:17:34,887 mqtt_client Connecting to broker.hivemq.com:1883
ERROR 2026-08-29 16:17:44,950 mqtt_client Connection error: timed out
INFO 2026-08-29 16:17:45,951 mqtt_client Connecting to broker.hivemq.com:1883
ERROR 2026-08-29 16:17:55,971 mqtt_client Connection error: timed out
INFO 2026-08-29 16:17:56,972 mqtt_client Connecting to broker.hivemq.com:1883
ERROR 2026-08-29 16:18:06,997 mqtt_client Connection error: timed out
INFO 2026-08-29 16:18:07,998 mqtt_client Connecting to broker.hivemq.com:1883
ERROR 2026-08-29 16:18:18,022 mqtt_client Connection error: timed out
INFO 2026-08-29 16:18:19,022 mqtt_client Connecting to broker.hivemq.com:1883
ERROR 2026-08-29 16:18:29,057 mqtt_client Connection error: timed out
INFO 2026-08-29 16:18:30,058 mqtt_client Connecting to broker.hivemq.com:1883
ERROR 2026-08-29 16:18:40,071 mqtt_client Connection error: timed out
INFO 2026-08-29 16:18:41,072 mqtt_client Connecting to broker.hivemq.com:1883
ERROR 2026-08-29 16:18:51,088 mqtt_client Connection error: timed out
INFO 2026-08-29 16:18:52,090 mqtt_client Connecting to broker.hivemq.com:1883
ERROR 2026-08-29 16:19:02,114 mqtt_client Connection error: timed out
INFO 2026-08-29 16:19:03,115 mqtt_client Connecting to broker.hivemq.com:1883
ERROR 2026-08-29 16:19:13,125 mqtt_client Connection error: timed out
INFO 2026-08-29 16:19:14,126 mqtt_client Connecting to broker.hivemq.com:1883
ERROR 2026-08-29 16:19:24,159 mqtt_client Connection error: timed out
INFO 2026-08-29 16:19:25,160 mqtt_client Connecting to broker.hivemq.com:1883
ERROR 2026-08-29 16:19:35,176 mqtt_client Connection error: timed out
INFO 2026-08-29 16:19:36,177 mqtt_client Connecting to broker.hivemq.com:1883
ERROR 2026-08-29 16:19:46,205 mqtt_client Connection error: timed out
INFO 2026-08-29 16:19:47,206 mqtt_client Connecting to broker.hivemq.com:1883
ERROR 2026-08-29 16:19:57,262 mqtt_client Connection error: timed out
INFO 2026-08-29 16:19:58,264 mqtt_client Connecting to broker.hivemq.com:1883
ERROR 2026-08-29 16:20:08,276 mqtt_client Connection error: timed out
INFO 2026-08-29 16:20:09,277 mqtt_client Connecting to broker.hivemq.com:1883
ERROR 2026-08-29 16:20:19,305 mqtt_client Connection error: timed out
INFO 2026-08-29 16:20:20,306 mqtt_client Connecting to broker.hivemq.com:1883
ERROR 2026-08-29 16:20:30,311 mqtt_client Connection error: timed out
INFO 2026-08-29 16:20:31,312 mqtt_client Connecting to broker.hivemq.com:1883
ERROR 2026-08-29 16:20:41,338 mqtt_client Connection error: timed out
INFO 2026-08-29 16:20:42,343 mqtt_client Connecting to broker.hivemq.com:1883
ERROR 2026-08-29 16:20:52,355 mqtt_client Connection error: timed out
INFO 2026-08-29 16:20:53,356 mqtt_client Connecting to broker.hivemq.com:1883
ERROR 2026-08-29 16:21:03,422 mqtt_client Connection error: timed out
INFO 2026-08-29 16:21:04,423 mqtt_client Connecting to broker.hivemq.com:1883
ERROR 2026-08-29 16:21:14,445 mqtt_client Connection error: timed out
INFO 2026-08-29 16:21:15,446 mqtt_client Connecting to broker.hivemq.com:1883
ERROR 2026-08-29 16:21:25,466 mqtt_client Connection error: timed out
INFO 2026-08-29 16:21:26,467 mqtt_client Connecting to broker.hivemq.com:1883
ERROR 2026-08-29 16:21:36,480 mqtt_client Connection error: timed out
INFO 2026-08-29 16:21:37,481 mqtt_client Connecting to broker.hivemq.com:1883
ERROR 2026-08-29 16:21:47,501 mqtt_client Connection error: timed out
INFO 2026-08-29 16:21:48,504 mqtt_client Connecting to broker.hivemq.com:1883
ERROR 2026-08-29 16:21:58,523 mqtt_client Connection error: timed out
INFO 2026-08-29 16:21:59,524 mqtt_client Connecting to broker.hivemq.com:1883
ERROR 2026-08-29 16:22:09,601 mqtt_client Connection error: timed out
INFO 2026-08-29 16:22:10,602 mqtt_client Connecting to broker.hivemq.com:1883
ERROR 2026-08-29 16:22:20,615 mqtt_client Connection error: timed out
INFO 2026-08-29 16:22:21,616 mqtt_client Connecting to broker.hivemq.com:1883
ERROR 2026-08-29 16:22:31,636 mqtt_client Connection error: timed out
INFO 2026-08-29 16:22:32,637 mqtt_client Connecting to broker.hivemq.com:1883
ERROR 2026-08-29 16:22:42,647 mqtt_client Connection error: timed out
INFO 2026-08-29 16:22:43,648 mqtt_client Connecting to broker.hivemq.com:1883
ERROR 2026-08-29 16:22:53,659 mqtt_client Connection error: timed out
INFO 2026-08-29 16:22:54,660 mqtt_client Connecting to broker.hivemq.com:1883
ERROR 2026-08-29 16:23:04,682 mqtt_client Connection error: timed out
INFO 2026-08-29 16:23:05,683 mqtt_client Connecting to broker.hivemq.com:1883
ERROR 2026-08-29 16:23:15,705 mqtt_client Connection error: timed out
INFO 2026-08-29 16:23:16,707 mqtt_client Connecting to broker.hivemq.com:1883
ERROR 2026-08-29 16:23:26,724 mqtt_client Connection error: timed out
INFO 2026-08-29 16:23:27,725 mqtt_client Connecting to broker.hivemq.com:1883
ERROR 2026-08-29 16:23:37,758 mqtt_client Connection error: timed out
INFO 2026-08-29 16:23:38,759 mqtt_client Connecting to broker.hivemq.com:1883
ERROR 2026-08-29 16:23:48,772 mqtt_client Connection error: timed out
INFO 2026-08-29 16:23:49,773 mqtt_client Connecting to broker.hivemq.com:1883
ERROR 2026-08-29 16:23:59,800 mqtt_client Connection error: timed out
INFO 2026-08-29 16:24:00,801 mqtt_client Connecting to broker.hivemq.com:1883
ERROR 2026-08-29 16:24:10,826 mqtt_client Connection error: timed out
INFO 2026-08-29 16:24:11,827 mqtt_client Connecting to broker.hivemq.com:1883
ERROR 2026-08-29 16:24:21,887 mqtt_client Connection error: timed out
INFO 2026-08-29 16:24:22,888 mqtt_client Connecting to broker.hivemq.com:1883
ERROR 2026-08-29 16:24:32,914 mqtt_client Connection error: timed out
INFO 2026-08-29 16:24:33,915 mqtt_client Connecting to broker.hivemq.com:1883
ERROR 2026-08-29 16:24:43,945 mqtt_client Connection error: timed out
INFO 2026-08-29 16:24:44,946 mqtt_client Connecting to broker.hivemq.com:1883
ERROR 2026-08-29 16:24:54,969 mqtt_client Connection error: timed out
INFO 2026-08-29 16:24:55,969 mqtt_client Connecting to broker.hivemq.com:1883
ERROR 2026-08-29 16:25:05,998 mqtt_client Connection error: timed out
INFO 2026-08-29 16:25:06,998 mqtt_client Connecting to broker.hivemq.com:1883
ERROR 2026-08-29 16:25:17,024 mqtt_client Connection error: timed out
INFO 2026-08-29 16:25:18,025 mqtt_client Connecting to broker.hivemq.com:1883
ERROR 2026-08-29 16:25:28,093 mqtt_client Connection error: timed out
INFO 2026-08-29 16:25:29,094 mqtt_client Connecting to broker.hivemq.com:1883
ERROR 2026-08-29 16:25:39,112 mqtt_client Connection error: timed out
INFO 2026-08-29 16:25:40,113 mqtt_client Connecting to broker.hivemq.com:1883
ERROR 2026-08-29 16:25:50,139 mqtt_client Connection error: timed out
INFO 2026-08-29 16:25:51,141 mqtt_client Connecting to broker.hivemq.com:1883
ERROR 2026-08-29 16:26:01,171 mqtt_client Connection error: timed out
INFO 2026-08-29 16:26:02,171 mqtt_client Connecting to broker.hivemq.com:1883
ERROR 2026-08-29 16:26:12,187 mqtt_client Connection error: timed out
INFO 2026-08-29 16:26:13,189 mqtt_client Connecting to broker.hivemq.com:1883
ERROR 2026-08-29 16:26:23,212 mqtt_client Connection error: timed out
INFO 2026-08-29 16:26:24,213 mqtt_client Connecting to broker.hivemq.com:1883
ERROR 2026-08-29 16:26:34,229 mqtt_client Connection error: timed out
INFO 2026-08-29 16:26:35,231 mqtt_client Connecting to broker.hivemq.com:1883
ERROR 2026-08-29 16:26:45,239 mqtt_client Connection error: timed out
INFO 2026-08-29 16:26:46,241 mqtt_client Connecting to broker.hivemq.com:1883
ERROR 2026-08-29 16:26:56,266 mqtt_client Connection error: timed out
INFO 2026-08-29 16:26:57,267 mqtt_client Connecting to broker.hivemq.com:1883
ERROR 2026-08-29 16:27:07,273 mqtt_client Connection error: timed out
INFO 2026-08-29 16:27:08,274 mqtt_client Connecting to broker.hivemq.com:1883
ERROR 2026-08-29 16:27:18,298 mqtt_client Connection error: timed out
INFO 2026-08-29 16:27:19,300 mqtt_client Connecting to broker.hivemq.com:1883
ERROR 2026-08-29 16:27:29,326 mqtt_client Connection error: timed out
INFO 2026-08-29 16:27:30,328 mqtt_client Connecting to broker.hivemq.com:1883
ERROR 2026-08-29 16:27:40,414 mqtt_client Connection error: timed out
INFO 2026-08-29 16:27:41,416 mqtt_client Connecting to broker.hivemq.com:1883
ERROR 2026-08-29 16:27:51,423 mqtt_client Connection error: timed out
INFO 2026-08-29 16:27:52,424 mqtt_client Connecting to broker.hivemq.com:1883
ERROR 2026-08-29 16:28:02,427 mqtt_client Connection error: timed out
INFO 2026-08-29 16:28:03,429 mqtt_client Connecting to broker.hivemq.com:1883
